site_id,layer,segment,subset,main_subset,curve_rmse_to_main_mm,curve_mae_to_main_mm,curve_bias_to_main_mm,curve_max_abs_to_main_mm,overlap_min_h,overlap_max_h
110,moisture_4in,early_0_3h,all_events,clean_stageII_48h,2.2638119202210953,1.9247538745582609,-1.411766608772126,3.902737341009395,0.28571428571428403,100.92045454545456
110,moisture_4in,early_0_3h,clean_48h,clean_stageII_48h,3.808653986179596,2.516505799538916,-2.4964936010274617,9.480495387493683,0.22282608695652417,78.24598045397225
110,moisture_4in,early_0_3h,clean_stageII_48h,clean_stageII_48h,0.0,0.0,0.0,0.0,0.22282608695652417,100.92045454545456
110,moisture_4in,early_0_3h,clean_stageII_48h_no405,clean_stageII_48h,0.0,0.0,0.0,0.0,0.22282608695652417,100.92045454545456
110,moisture_4in,early_0_3h,clean_stageII_48h_site_balanced,clean_stageII_48h,2.7149372227544406,1.297247498998426,-1.2781008274276238,10.180404668691054,0.22282608695652417,81.02173913043478
110,moisture_4in,post3_late_storage,all_events,clean_stageII_48h,3.2815126536404957,1.9806160926713567,1.946777330005239,10.843597152290007,0.8499999999999581,114.97499999999995
110,moisture_4in,post3_late_storage,clean_48h,clean_stageII_48h,2.7318334162973477,1.4110611341145556,1.331659738407588,8.971896828208452,0.25,114.97499999999995
110,moisture_4in,post3_late_storage,clean_stageII_48h,clean_stageII_48h,0.0,0.0,0.0,0.0,0.125,114.97499999999995
110,moisture_4in,post3_late_storage,clean_stageII_48h_no405,clean_stageII_48h,0.0,0.0,0.0,0.0,0.125,114.97499999999995
110,moisture_4in,post3_late_storage,clean_stageII_48h_site_balanced,clean_stageII_48h,2.9409717887431164,1.568239877119876,-1.5678871389366251,11.21552535775805,0.125,86.47499999999995
110,moisture_4in,post3_mid_storage,all_events,clean_stageII_48h,3.4917834534402172,2.1182644660923895,2.1182644660923895,10.081282588233414,0.25,90.625
110,moisture_4in,post3_mid_storage,clean_48h,clean_stageII_48h,3.1567358308811624,1.9122962973614932,1.9122962973614932,8.37359357407794,0.125,90.625
110,moisture_4in,post3_mid_storage,clean_stageII_48h,clean_stageII_48h,0.0,0.0,0.0,0.0,0.125,90.625
110,moisture_4in,post3_mid_storage,clean_stageII_48h_no405,clean_stageII_48h,0.0,0.0,0.0,0.0,0.125,90.625
110,moisture_4in,post3_mid_storage,clean_stageII_48h_site_balanced,clean_stageII_48h,3.3011096329464236,1.7107202152732637,-1.7107202152732637,10.899724993958673,0.125,63.78125
121,moisture_4in,early_0_3h,all_events,clean_stageII_48h,1.6662928891040565,1.473871475733753,1.473871475733753,2.321277321315427,0.0,31.070454545454545
121,moisture_4in,early_0_3h,clean_48h,clean_stageII_48h,0.6163276748465658,0.5373952409779663,0.5373952409779663,1.3193258303057336,0.0,31.070454545454545
121,moisture_4in,early_0_3h,clean_stageII_48h,clean_stageII_48h,0.0,0.0,0.0,0.0,0.0,31.070454545454545
121,moisture_4in,early_0_3h,clean_stageII_48h_no405,clean_stageII_48h,0.0,0.0,0.0,0.0,0.0,31.070454545454545
121,moisture_4in,early_0_3h,clean_stageII_48h_site_balanced,clean_stageII_48h,0.0,0.0,0.0,0.0,0.0,31.070454545454545
121,moisture_4in,post3_late_storage,all_events,clean_stageII_48h,1.5423969604597236,1.0164616012902765,1.0164616012902765,3.3294173472559394,0.125,65.75
121,moisture_4in,post3_late_storage,clean_48h,clean_stageII_48h,1.1337988884275165,0.7246485074760688,0.712860003646039,2.2117243625373195,0.125,65.75
121,moisture_4in,post3_late_storage,clean_stageII_48h,clean_stageII_48h,0.0,0.0,0.0,0.0,0.125,65.75
121,moisture_4in,post3_late_storage,clean_stageII_48h_no405,clean_stageII_48h,0.0,0.0,0.0,0.0,0.125,65.75
121,moisture_4in,post3_late_storage,clean_stageII_48h_site_balanced,clean_stageII_48h,0.0,0.0,0.0,0.0,0.125,65.75
121,moisture_4in,post3_mid_storage,all_events,clean_stageII_48h,0.967694038519245,0.8620208309456656,0.8620208309456656,1.4166685333513884,0.0,37.954166666666666
121,moisture_4in,post3_mid_storage,clean_48h,clean_stageII_48h,0.929297064819293,0.8000810934627658,0.796889910629441,1.6728872656258957,0.07321428571428212,37.954166666666666
121,moisture_4in,post3_mid_storage,clean_stageII_48h,clean_stageII_48h,0.0,0.0,0.0,0.0,0.0,37.954166666666666
121,moisture_4in,post3_mid_storage,clean_stageII_48h_no405,clean_stageII_48h,0.0,0.0,0.0,0.0,0.0,37.954166666666666
121,moisture_4in,post3_mid_storage,clean_stageII_48h_site_balanced,clean_stageII_48h,0.0,0.0,0.0,0.0,0.0,37.954166666666666
125,moisture_12in,early_0_3h,all_events,clean_stageII_48h,1.6719076285506318,1.1357094805743264,0.6910144419254217,3.827165744159311,0.17647058823529194,49.819327731092436
125,moisture_12in,early_0_3h,clean_48h,clean_stageII_48h,1.4122145815368135,0.8787826723882254,0.8659061851346551,3.2430678229828445,0.17647058823529194,49.819327731092436
125,moisture_12in,early_0_3h,clean_stageII_48h,clean_stageII_48h,0.0,0.0,0.0,0.0,0.17647058823529194,49.819327731092436
125,moisture_12in,early_0_3h,clean_stageII_48h_no405,clean_stageII_48h,0.0,0.0,0.0,0.0,0.17647058823529194,49.819327731092436
125,moisture_12in,early_0_3h,clean_stageII_48h_site_balanced,clean_stageII_48h,0.0,0.0,0.0,0.0,0.17647058823529194,49.819327731092436
125,moisture_12in,post3_late_storage,all_events,clean_stageII_48h,2.162274281268101,1.7192113196446472,0.2355379815337776,4.70803067819357,0.25,117.625
125,moisture_12in,post3_late_storage,clean_48h,clean_stageII_48h,2.4335888624769724,1.9969326844261086,-0.9396154880616995,6.029248963430465,0.125,117.625
125,moisture_12in,post3_late_storage,clean_stageII_48h,clean_stageII_48h,0.0,0.0,0.0,0.0,0.125,117.625
125,moisture_12in,post3_late_storage,clean_stageII_48h_no405,clean_stageII_48h,0.0,0.0,0.0,0.0,0.125,117.625
125,moisture_12in,post3_late_storage,clean_stageII_48h_site_balanced,clean_stageII_48h,0.0,0.0,0.0,0.0,0.125,117.625
125,moisture_12in,post3_mid_storage,all_events,clean_stageII_48h,2.316579087452011,2.0164941358336104,2.0164941358336104,4.305110400282922,0.061458333333330645,34.82291666666667
125,moisture_12in,post3_mid_storage,clean_48h,clean_stageII_48h,2.323423341305565,2.0288552330495304,2.0288552330495304,4.303395581429678,0.061458333333330645,34.82291666666667
125,moisture_12in,post3_mid_storage,clean_stageII_48h,clean_stageII_48h,0.0,0.0,0.0,0.0,0.061458333333330645,34.82291666666667
125,moisture_12in,post3_mid_storage,clean_stageII_48h_no405,clean_stageII_48h,0.0,0.0,0.0,0.0,0.061458333333330645,34.82291666666667
125,moisture_12in,post3_mid_storage,clean_stageII_48h_site_balanced,clean_stageII_48h,0.0,0.0,0.0,0.0,0.061458333333330645,34.82291666666667
125,moisture_16in,early_0_3h,all_events,clean_stageII_48h,1.3870591898452997,0.8558244823427537,-0.8275029089647512,3.1307367185370865,0.0,6.9861263736263695
125,moisture_16in,early_0_3h,clean_48h,clean_stageII_48h,1.2013920329108954,0.8544314463032274,-0.8544314463032274,1.922705103237373,0.0,8.24285714285714
125,moisture_16in,early_0_3h,clean_stageII_48h,clean_stageII_48h,0.0,0.0,0.0,0.0,0.0,23.24285714285714
125,moisture_16in,early_0_3h,clean_stageII_48h_no405,clean_stageII_48h,0.0,0.0,0.0,0.0,0.0,23.24285714285714
125,moisture_16in,early_0_3h,clean_stageII_48h_site_balanced,clean_stageII_48h,0.0,0.0,0.0,0.0,0.0,23.24285714285714
125,moisture_16in,post3_late_storage,all_events,clean_stageII_48h,1.0429848887267994,1.0091619666756713,1.0091619666756713,1.6125845400408458,0.25,82.48214285714285
125,moisture_16in,post3_late_storage,clean_48h,clean_stageII_48h,0.8704918359273655,0.8226883799704644,0.8226883799704644,1.3511273085986275,0.25,82.48214285714285
125,moisture_16in,post3_late_storage,clean_stageII_48h,clean_stageII_48h,0.0,0.0,0.0,0.0,0.25,82.48214285714285
125,moisture_16in,post3_late_storage,clean_stageII_48h_no405,clean_stageII_48h,0.0,0.0,0.0,0.0,0.25,82.48214285714285
125,moisture_16in,post3_late_storage,clean_stageII_48h_site_balanced,clean_stageII_48h,0.0,0.0,0.0,0.0,0.25,82.48214285714285
125,moisture_16in,post3_mid_storage,all_events,clean_stageII_48h,0.17769450156313854,0.09766934004434671,0.09399468423867464,0.47020071664132246,0.0,9.476190476190474
125,moisture_16in,post3_mid_storage,clean_48h,clean_stageII_48h,0.23854367873822435,0.12863812566010643,0.12721255405132312,0.6208176461810346,0.0,9.476190476190474
125,moisture_16in,post3_mid_storage,clean_stageII_48h,clean_stageII_48h,0.0,0.0,0.0,0.0,0.0,9.476190476190474
125,moisture_16in,post3_mid_storage,clean_stageII_48h_no405,clean_stageII_48h,0.0,0.0,0.0,0.0,0.0,9.476190476190474
125,moisture_16in,post3_mid_storage,clean_stageII_48h_site_balanced,clean_stageII_48h,0.0,0.0,0.0,0.0,0.0,9.476190476190474
125,moisture_20in,early_0_3h,all_events,clean_stageII_48h,0.5882429652885612,0.42924030019521214,-0.42187255442261334,2.3217973844048707,0.0,37.792972359251436
125,moisture_20in,early_0_3h,clean_48h,clean_stageII_48h,0.5032858906034963,0.4256545258750974,-0.2932361433810452,0.9414874917356428,0.0,41.35681818181819
125,moisture_20in,early_0_3h,clean_stageII_48h,clean_stageII_48h,0.0,0.0,0.0,0.0,0.0,47.35681818181819
125,moisture_20in,early_0_3h,clean_stageII_48h_no405,clean_stageII_48h,0.0,0.0,0.0,0.0,0.0,47.35681818181819
125,moisture_20in,early_0_3h,clean_stageII_48h_site_balanced,clean_stageII_48h,0.3510593356910024,0.262109532114211,-0.08184621521852983,0.728332765105467,0.0,47.35681818181819
125,moisture_20in,post3_late_storage,all_events,clean_stageII_48h,0.461120525522863,0.27721700036539354,0.277166790449568,1.539903846262316,0.125,77.83333333333334
125,moisture_20in,post3_late_storage,clean_48h,clean_stageII_48h,0.35357906200071104,0.19012937747520336,0.1876712466621144,1.2494173792843846,0.125,77.83333333333334
125,moisture_20in,post3_late_storage,clean_stageII_48h,clean_stageII_48h,0.0,0.0,0.0,0.0,0.125,77.83333333333334
125,moisture_20in,post3_late_storage,clean_stageII_48h_no405,clean_stageII_48h,0.0,0.0,0.0,0.0,0.125,77.83333333333334
125,moisture_20in,post3_late_storage,clean_stageII_48h_site_balanced,clean_stageII_48h,0.12062739923574982,0.06173733129847023,-0.06033306065896418,0.29270266525642796,0.125,76.025
125,moisture_4in,early_0_3h,all_events,clean_stageII_48h,4.497789890446149,4.2482135020266165,-4.2482135020266165,6.435627296756943,0.2547371561694871,99.92807539682539
125,moisture_4in,early_0_3h,clean_48h,clean_stageII_48h,3.273055545602866,3.0532796008979606,-3.0421801969060174,4.837411762877519,0.3238636363636341,88.94291125541126
125,moisture_4in,early_0_3h,clean_stageII_48h,clean_stageII_48h,0.0,0.0,0.0,0.0,0.25,125.61904761904762
125,moisture_4in,early_0_3h,clean_stageII_48h_no405,clean_stageII_48h,0.0,0.0,0.0,0.0,0.25,125.61904761904762
125,moisture_4in,early_0_3h,clean_stageII_48h_site_balanced,clean_stageII_48h,4.55317850439833,4.0844698016469785,-4.0844698016469785,9.928348342782954,0.25,47.4681919642857
125,moisture_4in,post3_late_storage,all_events,clean_stageII_48h,1.102191552311094,0.9164026096546698,-0.3909223919156638,2.204658299182963,0.5,268.0
125,moisture_4in,post3_late_storage,clean_48h,clean_stageII_48h,1.8905734015817772,1.5457317815112566,-1.2691589031837047,4.899446498835443,0.5,215.02380952380952
125,moisture_4in,post3_late_storage,clean_stageII_48h,clean_stageII_48h,0.0,0.0,0.0,0.0,0.5,268.0
125,moisture_4in,post3_late_storage,clean_stageII_48h_no405,clean_stageII_48h,0.0,0.0,0.0,0.0,0.5,268.0
125,moisture_4in,post3_late_storage,clean_stageII_48h_site_balanced,clean_stageII_48h,3.052779368876485,2.7626295742988956,-2.7626295742988956,6.006833411824459,0.5,137.5
125,moisture_4in,post3_mid_storage,all_events,clean_stageII_48h,4.219083872228495,3.6445420072952293,-3.6445420072952293,6.67439409930715,0.25,139.67126623376623
125,moisture_4in,post3_mid_storage,clean_48h,clean_stageII_48h,4.502777557501513,3.8428456030499976,-3.8428456030499976,8.314298436038376,0.25,114.76055194805195
125,moisture_4in,post3_mid_storage,clean_stageII_48h,clean_stageII_48h,0.0,0.0,0.0,0.0,0.25,162.7477272727273
125,moisture_4in,post3_mid_storage,clean_stageII_48h_no405,clean_stageII_48h,0.0,0.0,0.0,0.0,0.25,162.7477272727273
125,moisture_4in,post3_mid_storage,clean_stageII_48h_site_balanced,clean_stageII_48h,2.206583948679315,1.8873152334912038,-1.8872191490931287,3.9358509595381097,0.25,120.875
125,moisture_8in,early_0_3h,all_events,clean_stageII_48h,0.8235248762992721,0.5350830459489184,0.43777058177705264,3.722463444407863,0.125,58.52499999999999
125,moisture_8in,early_0_3h,clean_48h,clean_stageII_48h,0.9451725814468036,0.6602417960875808,0.4332614478689709,3.7012424073613683,0.125,58.52499999999999
125,moisture_8in,early_0_3h,clean_stageII_48h,clean_stageII_48h,0.0,0.0,0.0,0.0,0.0,58.52499999999999
125,moisture_8in,early_0_3h,clean_stageII_48h_no405,clean_stageII_48h,0.0,0.0,0.0,0.0,0.0,58.52499999999999
125,moisture_8in,early_0_3h,clean_stageII_48h_site_balanced,clean_stageII_48h,0.0,0.0,0.0,0.0,0.0,58.52499999999999
125,moisture_8in,post3_late_storage,all_events,clean_stageII_48h,0.6717459921914744,0.5713863103005017,0.5600152287352769,1.2966359257773235,0.25,139.6
125,moisture_8in,post3_late_storage,clean_48h,clean_stageII_48h,0.7563705633152955,0.6452531774684556,0.6435508835995866,1.600788133859755,0.25,139.6
125,moisture_8in,post3_late_storage,clean_stageII_48h,clean_stageII_48h,0.0,0.0,0.0,0.0,0.25,139.6
125,moisture_8in,post3_late_storage,clean_stageII_48h_no405,clean_stageII_48h,0.0,0.0,0.0,0.0,0.25,139.6
125,moisture_8in,post3_late_storage,clean_stageII_48h_site_balanced,clean_stageII_48h,0.0,0.0,0.0,0.0,0.25,139.6
125,moisture_8in,post3_mid_storage,all_events,clean_stageII_48h,0.44780264278133824,0.29596488708624313,0.28860445468841617,2.064385667060483,0.25,111.54166666666666
125,moisture_8in,post3_mid_storage,clean_48h,clean_stageII_48h,0.33768021818466487,0.20013820647855232,0.19680214002669613,1.90117121685976,0.125,111.54166666666666
125,moisture_8in,post3_mid_storage,clean_stageII_48h,clean_stageII_48h,0.0,0.0,0.0,0.0,0.125,111.54166666666666
125,moisture_8in,post3_mid_storage,clean_stageII_48h_no405,clean_stageII_48h,0.0,0.0,0.0,0.0,0.125,111.54166666666666
125,moisture_8in,post3_mid_storage,clean_stageII_48h_site_balanced,clean_stageII_48h,0.0,0.0,0.0,0.0,0.125,111.54166666666666
130,moisture_4in,early_0_3h,all_events,clean_stageII_48h,3.3800068049495806,2.707789372530562,2.5778951716210714,9.317804654366725,0.4855769230769226,62.99467391304348
130,moisture_4in,early_0_3h,clean_48h,clean_stageII_48h,3.949311947971872,3.553658009642114,3.553658009642114,9.549922609317555,0.25,62.99467391304348
130,moisture_4in,early_0_3h,clean_stageII_48h,clean_stageII_48h,0.0,0.0,0.0,0.0,0.07750000000000079,62.99467391304348
130,moisture_4in,early_0_3h,clean_stageII_48h_no405,clean_stageII_48h,0.0,0.0,0.0,0.0,0.07750000000000079,62.99467391304348
130,moisture_4in,early_0_3h,clean_stageII_48h_site_balanced,clean_stageII_48h,2.2204701472377963,1.9006442353990005,1.9006442353990005,6.445757059337904,0.29545454545454763,62.99467391304348
130,moisture_4in,post3_late_storage,all_events,clean_stageII_48h,2.160865589434435,1.3912357652986629,1.3912357652986629,8.019658919515914,0.375,112.03125000000003
130,moisture_4in,post3_late_storage,clean_48h,clean_stageII_48h,1.3087460057697105,0.7869792152637262,0.7869792152637262,4.963609929314719,0.125,112.03125000000003
130,moisture_4in,post3_late_storage,clean_stageII_48h,clean_stageII_48h,0.0,0.0,0.0,0.0,0.125,112.03125000000003
130,moisture_4in,post3_late_storage,clean_stageII_48h_no405,clean_stageII_48h,0.0,0.0,0.0,0.0,0.125,112.03125000000003
130,moisture_4in,post3_late_storage,clean_stageII_48h_site_balanced,clean_stageII_48h,2.8689939698127223,2.1488837097411095,-2.1430504075774945,8.531298451099753,0.125,77.56250000000003
130,moisture_4in,post3_mid_storage,all_events,clean_stageII_48h,2.8912941717370453,2.056433018550087,2.056433018550087,8.635088360097296,0.25,73.87337662337663
130,moisture_4in,post3_mid_storage,clean_48h,clean_stageII_48h,2.190468184061396,1.475606953201468,1.475606953201468,6.796235481095177,0.125,73.87337662337663
130,moisture_4in,post3_mid_storage,clean_stageII_48h,clean_stageII_48h,0.0,0.0,0.0,0.0,0.125,73.87337662337663
130,moisture_4in,post3_mid_storage,clean_stageII_48h_no405,clean_stageII_48h,0.0,0.0,0.0,0.0,0.125,73.87337662337663
130,moisture_4in,post3_mid_storage,clean_stageII_48h_site_balanced,clean_stageII_48h,1.3558540503334429,1.1414266189416116,-1.1134074068629891,3.801882023444824,0.125,67.08928571428572
140,moisture_4in,early_0_3h,all_events,clean_stageII_48h,4.043284983596218,3.347662598969328,-3.001912592682833,9.5580651631835,0.5589285714285676,165.58035714285717
140,moisture_4in,early_0_3h,clean_48h,clean_stageII_48h,4.0065024679654115,3.6377453651942333,3.6320935528986356,7.7592912883777885,0.5,165.58035714285717
140,moisture_4in,early_0_3h,clean_stageII_48h,clean_stageII_48h,0.0,0.0,0.0,0.0,0.25,165.58035714285717
140,moisture_4in,early_0_3h,clean_stageII_48h_no405,clean_stageII_48h,0.0,0.0,0.0,0.0,0.25,165.58035714285717
140,moisture_4in,early_0_3h,clean_stageII_48h_site_balanced,clean_stageII_48h,3.9139406322275967,3.3887811729192063,-3.3766730461620296,8.268149319824516,0.25,89.625
140,moisture_4in,post3_late_storage,all_events,clean_stageII_48h,4.56705380835969,4.219233760312503,4.219233760312503,6.401360238059594,0.5,194.89999999999998
140,moisture_4in,post3_late_storage,clean_48h,clean_stageII_48h,1.1377519361635158,0.9411068660655223,0.9411068660655223,2.7985668522502536,0.375,194.89999999999998
140,moisture_4in,post3_late_storage,clean_stageII_48h,clean_stageII_48h,0.0,0.0,0.0,0.0,0.375,194.89999999999998
140,moisture_4in,post3_late_storage,clean_stageII_48h_no405,clean_stageII_48h,0.0,0.0,0.0,0.0,0.375,194.89999999999998
140,moisture_4in,post3_late_storage,clean_stageII_48h_site_balanced,clean_stageII_48h,3.946861906257334,3.305400366835796,-3.2352148072269316,8.76359598597314,0.375,96.875
140,moisture_4in,post3_mid_storage,all_events,clean_stageII_48h,4.294409881209196,4.0116617726957795,3.4029666080115604,6.650276227439193,0.5,159.14375
140,moisture_4in,post3_mid_storage,clean_48h,clean_stageII_48h,2.065299036425059,1.8900781986261443,1.8611488009789872,4.820731289115098,0.375,159.14375
140,moisture_4in,post3_mid_storage,clean_stageII_48h,clean_stageII_48h,0.0,0.0,0.0,0.0,0.25,159.14375
140,moisture_4in,post3_mid_storage,clean_stageII_48h_no405,clean_stageII_48h,0.0,0.0,0.0,0.0,0.25,159.14375
140,moisture_4in,post3_mid_storage,clean_stageII_48h_site_balanced,clean_stageII_48h,4.244417465419184,3.684352566003189,-3.6741525703641007,9.054007467554129,0.25,74.625
140,moisture_8in,early_0_3h,all_events,clean_stageII_48h,2.569999905889725,2.427657048647122,2.427657048647122,3.8459017546663716,0.125,24.552197802197803
140,moisture_8in,early_0_3h,clean_48h,clean_stageII_48h,2.4176834360695536,2.3360255331363446,2.3360255331363446,3.322053178849174,0.125,24.552197802197803
140,moisture_8in,early_0_3h,clean_stageII_48h,clean_stageII_48h,0.0,0.0,0.0,0.0,0.0,24.552197802197803
140,moisture_8in,early_0_3h,clean_stageII_48h_no405,clean_stageII_48h,0.0,0.0,0.0,0.0,0.0,24.552197802197803
140,moisture_8in,early_0_3h,clean_stageII_48h_site_balanced,clean_stageII_48h,0.0,0.0,0.0,0.0,0.0,24.552197802197803
140,moisture_8in,post3_late_storage,all_events,clean_stageII_48h,1.2161089804675103,1.1853511276604283,1.1853511276604283,1.7935814951294269,0.125,29.5
140,moisture_8in,post3_late_storage,clean_48h,clean_stageII_48h,0.9513514394867381,0.8851533589211023,0.8851533589211023,1.624526305543192,0.0,29.5
140,moisture_8in,post3_late_storage,clean_stageII_48h,clean_stageII_48h,0.0,0.0,0.0,0.0,0.0,29.5
140,moisture_8in,post3_late_storage,clean_stageII_48h_no405,clean_stageII_48h,0.0,0.0,0.0,0.0,0.0,29.5
140,moisture_8in,post3_late_storage,clean_stageII_48h_site_balanced,clean_stageII_48h,0.0,0.0,0.0,0.0,0.0,29.5
150,moisture_4in,early_0_3h,all_events,clean_stageII_48h,2.933634539674119,2.040333262723638,2.040333262723638,8.586427219298908,0.125,40.375
150,moisture_4in,early_0_3h,clean_48h,clean_stageII_48h,2.8423659080704695,2.005614110911399,2.005614110911399,8.334329296988738,0.125,40.375
150,moisture_4in,early_0_3h,clean_stageII_48h,clean_stageII_48h,0.0,0.0,0.0,0.0,0.0,40.375
150,moisture_4in,early_0_3h,clean_stageII_48h_no405,clean_stageII_48h,0.0,0.0,0.0,0.0,0.0,40.375
150,moisture_4in,early_0_3h,clean_stageII_48h_site_balanced,clean_stageII_48h,0.0,0.0,0.0,0.0,0.0,40.375
150,moisture_4in,post3_late_storage,all_events,clean_stageII_48h,1.7179686479221623,1.4457004646328229,1.4146508236034288,2.8583912651839523,0.375,141.0
150,moisture_4in,post3_late_storage,clean_48h,clean_stageII_48h,1.2519911548143545,1.0521037193649228,1.0480079063207037,2.230136287362262,0.25,141.0
150,moisture_4in,post3_late_storage,clean_stageII_48h,clean_stageII_48h,0.0,0.0,0.0,0.0,0.25,141.0
150,moisture_4in,post3_late_storage,clean_stageII_48h_no405,clean_stageII_48h,0.0,0.0,0.0,0.0,0.25,141.0
150,moisture_4in,post3_late_storage,clean_stageII_48h_site_balanced,clean_stageII_48h,0.0,0.0,0.0,0.0,0.25,141.0
150,moisture_4in,post3_mid_storage,all_events,clean_stageII_48h,2.2880441257904938,2.1109482307493352,2.090677535208213,3.2273593036090773,0.625,126.14583333333333
150,moisture_4in,post3_mid_storage,clean_48h,clean_stageII_48h,1.7916405417107921,1.673812244039703,1.673812244039703,2.9254414023781887,0.25,126.14583333333333
150,moisture_4in,post3_mid_storage,clean_stageII_48h,clean_stageII_48h,0.0,0.0,0.0,0.0,0.25,126.14583333333333
150,moisture_4in,post3_mid_storage,clean_stageII_48h_no405,clean_stageII_48h,0.0,0.0,0.0,0.0,0.25,126.14583333333333
150,moisture_4in,post3_mid_storage,clean_stageII_48h_site_balanced,clean_stageII_48h,0.0,0.0,0.0,0.0,0.25,126.14583333333333
160,moisture_4in,early_0_3h,all_events,clean_stageII_48h,3.6119404102172434,3.364583263428027,-3.1363757649112474,4.997825419795841,0.552083333333333,189.88727678571428
160,moisture_4in,early_0_3h,clean_48h,clean_stageII_48h,0.49487931335820784,0.4155558870730044,-0.3304999265359014,1.2049755532503923,0.44166666666666965,188.59491744066045
160,moisture_4in,early_0_3h,clean_stageII_48h,clean_stageII_48h,0.0,0.0,0.0,0.0,0.25,189.88727678571428
160,moisture_4in,early_0_3h,clean_stageII_48h_no405,clean_stageII_48h,0.0,0.0,0.0,0.0,0.25,189.88727678571428
160,moisture_4in,early_0_3h,clean_stageII_48h_site_balanced,clean_stageII_48h,4.554490520265016,3.8210357327141415,-3.8096773887925086,9.752380233054875,0.25,87.0
160,moisture_4in,post3_late_storage,all_events,clean_stageII_48h,2.4396966602245027,1.77609991454113,1.77609991454113,8.598994699892938,0.75,244.125
160,moisture_4in,post3_late_storage,clean_48h,clean_stageII_48h,0.28197603793151715,0.21296918596367742,-0.012590691841435452,0.6832076028552692,0.375,244.125
160,moisture_4in,post3_late_storage,clean_stageII_48h,clean_stageII_48h,0.0,0.0,0.0,0.0,0.375,244.125
160,moisture_4in,post3_late_storage,clean_stageII_48h_no405,clean_stageII_48h,0.0,0.0,0.0,0.0,0.375,244.125
160,moisture_4in,post3_late_storage,clean_stageII_48h_site_balanced,clean_stageII_48h,4.734086018657012,3.677320721841353,-3.614523619630394,12.04239644583677,0.375,81.875
160,moisture_4in,post3_mid_storage,all_events,clean_stageII_48h,4.290280180843047,3.5829121357727396,2.9351852602345945,9.002780603952653,0.5,129.3125
160,moisture_4in,post3_mid_storage,clean_48h,clean_stageII_48h,2.222137655277871,1.692818037904684,1.692818037904684,6.1620805583568785,0.25,129.3125
160,moisture_4in,post3_mid_storage,clean_stageII_48h,clean_stageII_48h,0.0,0.0,0.0,0.0,0.125,129.3125
160,moisture_4in,post3_mid_storage,clean_stageII_48h_no405,clean_stageII_48h,0.0,0.0,0.0,0.0,0.125,129.3125
160,moisture_4in,post3_mid_storage,clean_stageII_48h_site_balanced,clean_stageII_48h,3.3382440594347407,2.6511824921558524,-2.6195475386514184,8.493136542709046,0.125,63.0
170,moisture_4in,early_0_3h,all_events,clean_stageII_48h,0.4227736774790573,0.29837952205608714,0.24889500312438306,1.0515325193112393,0.0,52.693920595533505
170,moisture_4in,early_0_3h,clean_48h,clean_stageII_48h,1.1573725530892425,0.8698417928184206,0.8523665895527013,2.2362447223763873,0.0,52.66973163520755
170,moisture_4in,early_0_3h,clean_stageII_48h,clean_stageII_48h,0.0,0.0,0.0,0.0,0.0,52.693920595533505
170,moisture_4in,early_0_3h,clean_stageII_48h_no405,clean_stageII_48h,0.0,0.0,0.0,0.0,0.0,52.693920595533505
170,moisture_4in,early_0_3h,clean_stageII_48h_site_balanced,clean_stageII_48h,1.4931938518466226,1.4261049054098136,1.3845723063121809,1.8995332501187345,0.0,52.693920595533505
170,moisture_4in,post3_late_storage,all_events,clean_stageII_48h,0.5894775228679572,0.5160112172212644,0.28659455265616635,1.9732351198665619,0.25,136.25
170,moisture_4in,post3_late_storage,clean_48h,clean_stageII_48h,0.9015641310774433,0.8381314385909647,0.7460472391348076,1.211007097886732,0.25,132.5
170,moisture_4in,post3_late_storage,clean_stageII_48h,clean_stageII_48h,0.0,0.0,0.0,0.0,0.25,146.25
170,moisture_4in,post3_late_storage,clean_stageII_48h_no405,clean_stageII_48h,0.0,0.0,0.0,0.0,0.25,146.25
170,moisture_4in,post3_late_storage,clean_stageII_48h_site_balanced,clean_stageII_48h,1.3711258215444693,1.1750212086371776,1.006628841720755,3.1292253683002897,0.25,97.375
170,moisture_4in,post3_mid_storage,all_events,clean_stageII_48h,1.0014866519183316,0.9368439395333035,0.9368439395333035,1.9760090642297001,0.1339285714285721,77.60416666666666
170,moisture_4in,post3_mid_storage,clean_48h,clean_stageII_48h,0.808115170955665,0.7458234891147103,0.7001040477897875,1.5401197352192426,0.1339285714285721,77.60416666666666
170,moisture_4in,post3_mid_storage,clean_stageII_48h,clean_stageII_48h,0.0,0.0,0.0,0.0,0.1339285714285721,77.60416666666666
170,moisture_4in,post3_mid_storage,clean_stageII_48h_no405,clean_stageII_48h,0.0,0.0,0.0,0.0,0.1339285714285721,77.60416666666666
170,moisture_4in,post3_mid_storage,clean_stageII_48h_site_balanced,clean_stageII_48h,1.167028394805535,0.9840415117640725,-0.836787446883934,2.8825072147600164,0.1339285714285721,43.92352092352092
230,moisture_4in,early_0_3h,all_events,clean_stageII_48h,0.3266026069082982,0.26279847454046595,0.12671159562956155,0.7539523351994415,0.0,35.13461538461538
230,moisture_4in,early_0_3h,clean_48h,clean_stageII_48h,0.5996453506511908,0.4295868832293865,0.4295868832293865,1.1187579491490887,0.0,35.13461538461538
230,moisture_4in,early_0_3h,clean_stageII_48h,clean_stageII_48h,0.0,0.0,0.0,0.0,0.0,35.13461538461538
230,moisture_4in,early_0_3h,clean_stageII_48h_no405,clean_stageII_48h,0.0,0.0,0.0,0.0,0.0,35.13461538461538
230,moisture_4in,early_0_3h,clean_stageII_48h_site_balanced,clean_stageII_48h,0.0,0.0,0.0,0.0,0.0,35.13461538461538
230,moisture_4in,post3_late_storage,all_events,clean_stageII_48h,1.0432457477869939,0.6215024838290897,0.6213260464293675,3.932221395132081,0.125,93.5625
230,moisture_4in,post3_late_storage,clean_48h,clean_stageII_48h,0.8946884420427151,0.45825979958381313,0.45825979958381313,3.103726331704282,0.125,93.5625
230,moisture_4in,post3_late_storage,clean_stageII_48h,clean_stageII_48h,0.0,0.0,0.0,0.0,0.125,93.5625
230,moisture_4in,post3_late_storage,clean_stageII_48h_no405,clean_stageII_48h,0.0,0.0,0.0,0.0,0.125,93.5625
230,moisture_4in,post3_late_storage,clean_stageII_48h_site_balanced,clean_stageII_48h,0.0,0.0,0.0,0.0,0.125,93.5625
230,moisture_4in,post3_mid_storage,all_events,clean_stageII_48h,1.6411278613832365,1.2708813817968496,1.2708813817968496,3.7866252777947507,0.0,28.937499999999986
230,moisture_4in,post3_mid_storage,clean_48h,clean_stageII_48h,1.6391943192628866,1.2545690198189934,1.1478467429260735,3.7895266763707864,0.0,28.937499999999986
230,moisture_4in,post3_mid_storage,clean_stageII_48h,clean_stageII_48h,0.0,0.0,0.0,0.0,0.0,28.937499999999986
230,moisture_4in,post3_mid_storage,clean_stageII_48h_no405,clean_stageII_48h,0.0,0.0,0.0,0.0,0.0,28.937499999999986
230,moisture_4in,post3_mid_storage,clean_stageII_48h_site_balanced,clean_stageII_48h,0.0,0.0,0.0,0.0,0.0,28.937499999999986
260,moisture_4in,early_0_3h,all_events,clean_stageII_48h,10.974141763673082,10.874353846887182,-10.874353846887182,14.295618103116848,0.3069354838709643,127.6608619874749
260,moisture_4in,early_0_3h,clean_48h,clean_stageII_48h,1.2024896297304375,0.8572638499382227,0.24940621401984062,3.4914771636575077,0.25,153.0
260,moisture_4in,early_0_3h,clean_stageII_48h,clean_stageII_48h,0.0,0.0,0.0,0.0,0.25,153.0
260,moisture_4in,early_0_3h,clean_stageII_48h_no405,clean_stageII_48h,0.0,0.0,0.0,0.0,0.25,153.0
260,moisture_4in,early_0_3h,clean_stageII_48h_site_balanced,clean_stageII_48h,7.196593082157602,5.509457485730498,-5.509457485730498,18.218579306555224,0.25,76.265625
260,moisture_4in,post3_late_storage,all_events,clean_stageII_48h,6.063432645796196,4.832268640539608,4.813907677353592,14.447409015569686,0.875,246.125
260,moisture_4in,post3_late_storage,clean_48h,clean_stageII_48h,0.6416147332405542,0.48267738412239886,0.33159441992591937,1.9296818316879518,0.375,246.125
260,moisture_4in,post3_late_storage,clean_stageII_48h,clean_stageII_48h,0.0,0.0,0.0,0.0,0.375,246.125
260,moisture_4in,post3_late_storage,clean_stageII_48h_no405,clean_stageII_48h,0.0,0.0,0.0,0.0,0.375,246.125
260,moisture_4in,post3_late_storage,clean_stageII_48h_site_balanced,clean_stageII_48h,8.16152107952373,6.600732928815944,-6.600732928815944,17.586223938674998,0.375,104.52083333333334
260,moisture_4in,post3_mid_storage,all_events,clean_stageII_48h,5.206982645074175,4.040044302462002,4.040044302462002,13.337698781979729,0.75,208.81249999999997
260,moisture_4in,post3_mid_storage,clean_48h,clean_stageII_48h,2.639979301652751,2.2327563515766666,2.2327563515766666,6.443441871808357,0.375,208.81249999999997
260,moisture_4in,post3_mid_storage,clean_stageII_48h,clean_stageII_48h,0.0,0.0,0.0,0.0,0.375,208.81249999999997
260,moisture_4in,post3_mid_storage,clean_stageII_48h_no405,clean_stageII_48h,0.0,0.0,0.0,0.0,0.375,208.81249999999997
260,moisture_4in,post3_mid_storage,clean_stageII_48h_site_balanced,clean_stageII_48h,7.438090614529463,5.516711793903093,-5.047754774703655,18.93910717043354,0.375,86.77916666666667
260,moisture_8in,early_0_3h,all_events,clean_stageII_48h,7.035699684993609,6.014492864028937,5.962433404382474,15.262045516080812,0.25,57.52500000000001
260,moisture_8in,early_0_3h,clean_48h,clean_stageII_48h,3.8508489656421285,3.0776793399319615,3.0694434613843695,7.749914776986673,0.22023809523809507,57.52500000000001
260,moisture_8in,early_0_3h,clean_stageII_48h,clean_stageII_48h,0.0,0.0,0.0,0.0,0.0,57.52500000000001
260,moisture_8in,early_0_3h,clean_stageII_48h_no405,clean_stageII_48h,0.0,0.0,0.0,0.0,0.0,57.52500000000001
260,moisture_8in,early_0_3h,clean_stageII_48h_site_balanced,clean_stageII_48h,0.0,0.0,0.0,0.0,0.0,57.52500000000001
260,moisture_8in,post3_late_storage,all_events,clean_stageII_48h,5.555406939098422,4.710600929313,4.657999799052723,11.551942505571908,0.5,102.875
260,moisture_8in,post3_late_storage,clean_48h,clean_stageII_48h,1.0277730167119374,0.8512530090912622,0.8483206269828334,1.9566265028452108,0.125,102.875
260,moisture_8in,post3_late_storage,clean_stageII_48h,clean_stageII_48h,0.0,0.0,0.0,0.0,0.125,102.875
260,moisture_8in,post3_late_storage,clean_stageII_48h_no405,clean_stageII_48h,0.0,0.0,0.0,0.0,0.125,102.875
260,moisture_8in,post3_late_storage,clean_stageII_48h_site_balanced,clean_stageII_48h,0.0,0.0,0.0,0.0,0.125,102.875
260,moisture_8in,post3_mid_storage,all_events,clean_stageII_48h,5.590840780838152,4.860496888944827,4.860496888944827,11.774462088355905,0.375,92.875
260,moisture_8in,post3_mid_storage,clean_48h,clean_stageII_48h,1.6498849542375729,1.3133084814288234,1.310447937154641,3.6000454707201914,0.125,92.875
260,moisture_8in,post3_mid_storage,clean_stageII_48h,clean_stageII_48h,0.0,0.0,0.0,0.0,0.125,92.875
260,moisture_8in,post3_mid_storage,clean_stageII_48h_no405,clean_stageII_48h,0.0,0.0,0.0,0.0,0.125,92.875
260,moisture_8in,post3_mid_storage,clean_stageII_48h_site_balanced,clean_stageII_48h,0.0,0.0,0.0,0.0,0.125,92.875
270,moisture_4in,early_0_3h,all_events,clean_stageII_48h,2.5614523647712977,1.522740434599775,1.165694011093304,7.545712789980127,0.6233062330623279,160.0625
270,moisture_4in,early_0_3h,clean_48h,clean_stageII_48h,4.537404972517023,3.9476313602883852,3.9476313602883852,9.601226667527975,0.375,160.0625
270,moisture_4in,early_0_3h,clean_stageII_48h,clean_stageII_48h,0.0,0.0,0.0,0.0,0.125,160.0625
270,moisture_4in,early_0_3h,clean_stageII_48h_no405,clean_stageII_48h,0.0,0.0,0.0,0.0,0.125,160.0625
270,moisture_4in,early_0_3h,clean_stageII_48h_site_balanced,clean_stageII_48h,5.231286137036371,4.78082636386596,-4.78082636386596,10.183090829745193,0.125,89.625
270,moisture_4in,post3_late_storage,all_events,clean_stageII_48h,4.066658786462809,3.4960032273241444,3.4960032273241444,9.978949484755624,0.75,221.875
270,moisture_4in,post3_late_storage,clean_48h,clean_stageII_48h,3.383781925450775,2.7498662837914036,2.7498662837914036,8.927648094405189,0.5,221.875
270,moisture_4in,post3_late_storage,clean_stageII_48h,clean_stageII_48h,0.0,0.0,0.0,0.0,0.375,221.875
270,moisture_4in,post3_late_storage,clean_stageII_48h_no405,clean_stageII_48h,0.0,0.0,0.0,0.0,0.375,221.875
270,moisture_4in,post3_late_storage,clean_stageII_48h_site_balanced,clean_stageII_48h,7.425893171114104,6.5491167371631995,-6.541216979864119,13.781915462301798,0.375,89.375
270,moisture_4in,post3_mid_storage,all_events,clean_stageII_48h,6.987794788240054,6.037684522072198,5.812977497645419,12.728342069466986,0.75,154.234375
270,moisture_4in,post3_mid_storage,clean_48h,clean_stageII_48h,6.1009660343281595,5.349407110416646,5.237997335665436,11.119953464832513,0.375,154.234375
270,moisture_4in,post3_mid_storage,clean_stageII_48h,clean_stageII_48h,0.0,0.0,0.0,0.0,0.25,154.234375
270,moisture_4in,post3_mid_storage,clean_stageII_48h_no405,clean_stageII_48h,0.0,0.0,0.0,0.0,0.25,154.234375
270,moisture_4in,post3_mid_storage,clean_stageII_48h_site_balanced,clean_stageII_48h,5.174221276349525,4.681716842089803,-4.67089487038027,10.363146103981862,0.25,85.3071608040201
270,moisture_8in,early_0_3h,all_events,clean_stageII_48h,4.006947956575463,3.4464641736766004,3.4464641736766004,6.691421006547191,0.125,29.75
270,moisture_8in,early_0_3h,clean_48h,clean_stageII_48h,2.8003701190614656,2.1560881539430414,2.1555757689624544,5.119571418713477,0.0,29.75
270,moisture_8in,early_0_3h,clean_stageII_48h,clean_stageII_48h,0.0,0.0,0.0,0.0,0.0,29.75
270,moisture_8in,early_0_3h,clean_stageII_48h_no405,clean_stageII_48h,0.0,0.0,0.0,0.0,0.0,29.75
270,moisture_8in,early_0_3h,clean_stageII_48h_site_balanced,clean_stageII_48h,0.0,0.0,0.0,0.0,0.0,29.75
270,moisture_8in,post3_late_storage,all_events,clean_stageII_48h,1.5397834399139325,1.388065171898519,1.388065171898519,2.421370214165197,0.125,50.75
270,moisture_8in,post3_late_storage,clean_48h,clean_stageII_48h,0.538750786050328,0.45582888900333923,0.45550169160665316,1.0995502304837963,0.0,50.75
270,moisture_8in,post3_late_storage,clean_stageII_48h,clean_stageII_48h,0.0,0.0,0.0,0.0,0.0,50.75
270,moisture_8in,post3_late_storage,clean_stageII_48h_no405,clean_stageII_48h,0.0,0.0,0.0,0.0,0.0,50.75
270,moisture_8in,post3_late_storage,clean_stageII_48h_site_balanced,clean_stageII_48h,0.0,0.0,0.0,0.0,0.0,50.75
270,moisture_8in,post3_mid_storage,all_events,clean_stageII_48h,1.1051619398371995,0.7851945707910193,0.5880318212049558,2.6876544354201073,0.25,67.625
270,moisture_8in,post3_mid_storage,clean_48h,clean_stageII_48h,0.8437185627484289,0.4370474892149804,0.4329908803294025,2.4458064708278826,0.125,67.625
270,moisture_8in,post3_mid_storage,clean_stageII_48h,clean_stageII_48h,0.0,0.0,0.0,0.0,0.125,67.625
270,moisture_8in,post3_mid_storage,clean_stageII_48h_no405,clean_stageII_48h,0.0,0.0,0.0,0.0,0.125,67.625
270,moisture_8in,post3_mid_storage,clean_stageII_48h_site_balanced,clean_stageII_48h,0.0,0.0,0.0,0.0,0.125,67.625
275,moisture_4in,early_0_3h,all_events,clean_stageII_48h,1.8071311549050146,1.6338234428680112,0.681972399777321,3.05628446200131,0.125,68.98611111111111
275,moisture_4in,early_0_3h,clean_48h,clean_stageII_48h,2.3454551743662577,2.26309663210895,2.26309663210895,3.2128273863662447,0.25,92.36607142857143
275,moisture_4in,early_0_3h,clean_stageII_48h,clean_stageII_48h,0.0,0.0,0.0,0.0,0.125,92.36607142857143
275,moisture_4in,early_0_3h,clean_stageII_48h_no405,clean_stageII_48h,0.0,0.0,0.0,0.0,0.125,92.36607142857143
275,moisture_4in,early_0_3h,clean_stageII_48h_site_balanced,clean_stageII_48h,0.8340723275662039,0.748955561325203,-0.7115713730057057,1.5823548395173175,0.125,71.60705700549451
275,moisture_4in,post3_late_storage,all_events,clean_stageII_48h,1.9302350628325682,1.550784147226803,1.5208880562590388,3.437710145306662,0.5,151.05
275,moisture_4in,post3_late_storage,clean_48h,clean_stageII_48h,0.954083191181359,0.782880698586925,0.7463295575390103,1.5539563222883324,0.25,151.05
275,moisture_4in,post3_late_storage,clean_stageII_48h,clean_stageII_48h,0.0,0.0,0.0,0.0,0.25,151.05
275,moisture_4in,post3_late_storage,clean_stageII_48h_no405,clean_stageII_48h,0.0,0.0,0.0,0.0,0.25,151.05
275,moisture_4in,post3_late_storage,clean_stageII_48h_site_balanced,clean_stageII_48h,2.335492858039125,2.147827947828094,-2.147827947828094,3.4516320146245167,0.25,86.49406565656567
275,moisture_4in,post3_mid_storage,all_events,clean_stageII_48h,1.1943678843201309,1.0146214274458774,1.0146214274458774,2.4403929047499098,0.25,93.08333333333333
275,moisture_4in,post3_mid_storage,clean_48h,clean_stageII_48h,1.6087849211190504,1.370652152113449,1.370652152113449,2.746833487200937,0.25,93.08333333333333
275,moisture_4in,post3_mid_storage,clean_stageII_48h,clean_stageII_48h,0.0,0.0,0.0,0.0,0.125,93.08333333333333
275,moisture_4in,post3_mid_storage,clean_stageII_48h_no405,clean_stageII_48h,0.0,0.0,0.0,0.0,0.125,93.08333333333333
275,moisture_4in,post3_mid_storage,clean_stageII_48h_site_balanced,clean_stageII_48h,0.24243125679797012,0.14433563875865693,-0.0013421974468002863,0.7518291717719547,0.125,92.33333333333333
280,moisture_4in,early_0_3h,all_events,clean_stageII_48h,1.919914482213665,1.8666920699764862,-1.8666920699764862,2.974441402622233,0.07782342201356296,37.15551053511205
280,moisture_4in,early_0_3h,clean_48h,clean_stageII_48h,0.8806028976937468,0.6723237226338367,0.6690621291692096,3.0998740321707423,0.0,46.13392857142857
280,moisture_4in,early_0_3h,clean_stageII_48h,clean_stageII_48h,0.0,0.0,0.0,0.0,0.0,46.13392857142857
280,moisture_4in,early_0_3h,clean_stageII_48h_no405,clean_stageII_48h,0.0,0.0,0.0,0.0,0.0,46.13392857142857
280,moisture_4in,early_0_3h,clean_stageII_48h_site_balanced,clean_stageII_48h,0.0,0.0,0.0,0.0,0.0,46.13392857142857
280,moisture_4in,post3_late_storage,all_events,clean_stageII_48h,0.9275554851231826,0.6665552880531682,0.6651317578970362,2.795028768382529,0.125,69.57499999999999
280,moisture_4in,post3_late_storage,clean_48h,clean_stageII_48h,0.7093785106007395,0.4559076102505707,0.4555580792988977,2.051321805531909,0.125,69.57499999999999
280,moisture_4in,post3_late_storage,clean_stageII_48h,clean_stageII_48h,0.0,0.0,0.0,0.0,0.125,69.57499999999999
280,moisture_4in,post3_late_storage,clean_stageII_48h_no405,clean_stageII_48h,0.0,0.0,0.0,0.0,0.125,69.57499999999999
280,moisture_4in,post3_late_storage,clean_stageII_48h_site_balanced,clean_stageII_48h,0.0,0.0,0.0,0.0,0.125,69.57499999999999
280,moisture_4in,post3_mid_storage,all_events,clean_stageII_48h,1.4782103978561827,1.1635911143191717,-0.944286033011141,3.916230526456827,0.125,59.75
280,moisture_4in,post3_mid_storage,clean_48h,clean_stageII_48h,0.7944491897765873,0.6157993541154518,0.611380467198362,1.7359563921202241,0.125,59.75
280,moisture_4in,post3_mid_storage,clean_stageII_48h,clean_stageII_48h,0.0,0.0,0.0,0.0,0.0,59.75
280,moisture_4in,post3_mid_storage,clean_stageII_48h_no405,clean_stageII_48h,0.0,0.0,0.0,0.0,0.0,59.75
280,moisture_4in,post3_mid_storage,clean_stageII_48h_site_balanced,clean_stageII_48h,0.0,0.0,0.0,0.0,0.0,59.75
290,moisture_4in,early_0_3h,all_events,clean_stageII_48h,0.9280195101271914,0.678744489585481,-0.47100738332445374,1.8798201012326006,0.0,8.374486863711002
290,moisture_4in,early_0_3h,clean_48h,clean_stageII_48h,0.11341874830667564,0.06676397910658263,-0.04538050183916041,0.40020168826747593,0.0,8.374486863711002
290,moisture_4in,early_0_3h,clean_stageII_48h,clean_stageII_48h,0.0,0.0,0.0,0.0,0.0,8.374486863711002
290,moisture_4in,early_0_3h,clean_stageII_48h_no405,clean_stageII_48h,0.0,0.0,0.0,0.0,0.0,8.374486863711002
290,moisture_4in,early_0_3h,clean_stageII_48h_site_balanced,clean_stageII_48h,0.0,0.0,0.0,0.0,0.0,8.374486863711002
290,moisture_4in,post3_late_storage,all_events,clean_stageII_48h,1.0055418242667942,0.9399107320357353,0.9399107320357353,1.78843875811579,0.125,66.625
290,moisture_4in,post3_late_storage,clean_48h,clean_stageII_48h,0.22029885803426433,0.1053676036049406,0.10295354883606905,0.7751543211983272,0.125,66.625
290,moisture_4in,post3_late_storage,clean_stageII_48h,clean_stageII_48h,0.0,0.0,0.0,0.0,0.125,66.625
290,moisture_4in,post3_late_storage,clean_stageII_48h_no405,clean_stageII_48h,0.0,0.0,0.0,0.0,0.125,66.625
290,moisture_4in,post3_late_storage,clean_stageII_48h_site_balanced,clean_stageII_48h,0.0,0.0,0.0,0.0,0.125,66.625
303,moisture_4in,early_0_3h,all_events,clean_stageII_48h,6.997689030822585,6.836314154721671,-6.836314154721671,8.477044295389515,0.125,31.165452826365765
303,moisture_4in,early_0_3h,clean_48h,clean_stageII_48h,4.615598287036414,3.6564662225183073,3.5549503738626163,8.558114936377292,0.125,71.03676470588235
303,moisture_4in,early_0_3h,clean_stageII_48h,clean_stageII_48h,0.0,0.0,0.0,0.0,0.125,71.03676470588235
303,moisture_4in,early_0_3h,clean_stageII_48h_no405,clean_stageII_48h,0.0,0.0,0.0,0.0,0.125,71.03676470588235
303,moisture_4in,early_0_3h,clean_stageII_48h_site_balanced,clean_stageII_48h,1.6758461402879763,1.1578382361513364,0.26028997452935626,4.165627838887276,0.125,71.03676470588235
303,moisture_4in,post3_late_storage,all_events,clean_stageII_48h,5.811678313147281,5.516050361972323,5.516050361972323,7.953824154151765,0.375,134.0
303,moisture_4in,post3_late_storage,clean_48h,clean_stageII_48h,2.231700737832012,1.766550525529759,1.7659472094596007,5.894777186788578,0.5,134.0
303,moisture_4in,post3_late_storage,clean_stageII_48h,clean_stageII_48h,0.0,0.0,0.0,0.0,0.25,134.0
303,moisture_4in,post3_late_storage,clean_stageII_48h_no405,clean_stageII_48h,0.0,0.0,0.0,0.0,0.25,134.0
303,moisture_4in,post3_late_storage,clean_stageII_48h_site_balanced,clean_stageII_48h,1.951212443807353,1.6305421651793044,-0.7141427005176838,5.3799194992115575,0.25,134.0
303,moisture_4in,post3_mid_storage,all_events,clean_stageII_48h,2.8270847055239057,2.4057592105038674,0.004098399440783219,5.552788910890936,0.2899999999999996,105.71898820611705
303,moisture_4in,post3_mid_storage,clean_48h,clean_stageII_48h,2.3599515789545897,1.914451147671899,-0.5475316082155112,4.630161105611322,0.25,129.4928865769378
303,moisture_4in,post3_mid_storage,clean_stageII_48h,clean_stageII_48h,0.0,0.0,0.0,0.0,0.25,163.76116071428572
303,moisture_4in,post3_mid_storage,clean_stageII_48h_no405,clean_stageII_48h,0.0,0.0,0.0,0.0,0.25,163.76116071428572
303,moisture_4in,post3_mid_storage,clean_stageII_48h_site_balanced,clean_stageII_48h,1.373389881655016,0.9838259307049863,-0.9838259307049863,4.210615214543056,0.25,125.625
303,moisture_8in,early_0_3h,all_events,clean_stageII_48h,3.940747748716795,3.3166193277560008,3.1985180712734627,7.7297253092903215,0.0,47.73156028368795
303,moisture_8in,early_0_3h,clean_48h,clean_stageII_48h,8.143454538640933,7.431779540026354,7.416995516712004,9.916944890165814,0.25,53.75
303,moisture_8in,early_0_3h,clean_stageII_48h,clean_stageII_48h,0.0,0.0,0.0,0.0,0.0,53.75
303,moisture_8in,early_0_3h,clean_stageII_48h_no405,clean_stageII_48h,0.0,0.0,0.0,0.0,0.0,53.75
303,moisture_8in,early_0_3h,clean_stageII_48h_site_balanced,clean_stageII_48h,0.0,0.0,0.0,0.0,0.0,53.75
303,moisture_8in,post3_late_storage,all_events,clean_stageII_48h,6.203078834346899,4.915733461258134,4.915733461258134,11.490771627305323,0.375,167.25
303,moisture_8in,post3_late_storage,clean_48h,clean_stageII_48h,4.394118343228967,2.7065346414799407,2.466529451650823,10.012207612227288,0.25,134.0995101596517
303,moisture_8in,post3_late_storage,clean_stageII_48h,clean_stageII_48h,0.0,0.0,0.0,0.0,0.25,167.25
303,moisture_8in,post3_late_storage,clean_stageII_48h_no405,clean_stageII_48h,0.0,0.0,0.0,0.0,0.25,167.25
303,moisture_8in,post3_late_storage,clean_stageII_48h_site_balanced,clean_stageII_48h,0.0,0.0,0.0,0.0,0.25,167.25
303,moisture_8in,post3_mid_storage,all_events,clean_stageII_48h,8.345078736262597,7.95252211215599,7.95252211215599,10.298899176029199,0.25,112.07621951219511
303,moisture_8in,post3_mid_storage,clean_48h,clean_stageII_48h,6.387654171668052,5.227552253952248,5.227552253952248,10.014209124907117,0.25,112.07621951219511
303,moisture_8in,post3_mid_storage,clean_stageII_48h,clean_stageII_48h,0.0,0.0,0.0,0.0,0.125,112.07621951219511
303,moisture_8in,post3_mid_storage,clean_stageII_48h_no405,clean_stageII_48h,0.0,0.0,0.0,0.0,0.125,112.07621951219511
303,moisture_8in,post3_mid_storage,clean_stageII_48h_site_balanced,clean_stageII_48h,0.0,0.0,0.0,0.0,0.125,112.07621951219511
311,moisture_4in,early_0_3h,all_events,clean_stageII_48h,0.8889949043059718,0.7244105940500799,-0.7244105940500799,1.809002737083329,0.5583333333333332,181.21875
311,moisture_4in,early_0_3h,clean_48h,clean_stageII_48h,0.7688802549822626,0.6927951309554932,-0.2781214166106929,1.7759764358019945,0.26136363636363724,161.26041666666666
311,moisture_4in,early_0_3h,clean_stageII_48h,clean_stageII_48h,0.0,0.0,0.0,0.0,0.25,181.21875
311,moisture_4in,early_0_3h,clean_stageII_48h_no405,clean_stageII_48h,0.0,0.0,0.0,0.0,0.25,181.21875
311,moisture_4in,early_0_3h,clean_stageII_48h_site_balanced,clean_stageII_48h,2.066213345613707,1.9910151786257573,-1.9910151786257573,3.8428969355125355,0.25,84.13413461538462
311,moisture_4in,post3_late_storage,all_events,clean_stageII_48h,4.751649624207076,4.49641476749201,-4.49641476749201,6.781114583336309,0.375,175.0
311,moisture_4in,post3_late_storage,clean_48h,clean_stageII_48h,0.6327256002292391,0.46395904950209216,-0.1001963689002453,2.1016794573601265,0.375,193.76420200892858
311,moisture_4in,post3_late_storage,clean_stageII_48h,clean_stageII_48h,0.0,0.0,0.0,0.0,0.375,249.925
311,moisture_4in,post3_late_storage,clean_stageII_48h_no405,clean_stageII_48h,0.0,0.0,0.0,0.0,0.375,249.925
311,moisture_4in,post3_late_storage,clean_stageII_48h_site_balanced,clean_stageII_48h,2.8956109568209953,2.5810782515847785,-2.5714147726122936,5.76764534096949,0.375,101.5580985915493
311,moisture_4in,post3_mid_storage,all_events,clean_stageII_48h,3.656968204236122,3.4694588335319927,3.4694588335319927,6.004712892276863,0.25,147.88333333333333
311,moisture_4in,post3_mid_storage,clean_48h,clean_stageII_48h,2.0271264513450773,1.7555340772303263,0.8437895112304621,4.969227827836347,0.25,98.88392857142857
311,moisture_4in,post3_mid_storage,clean_stageII_48h,clean_stageII_48h,0.0,0.0,0.0,0.0,0.25,147.88333333333333
311,moisture_4in,post3_mid_storage,clean_stageII_48h_no405,clean_stageII_48h,0.0,0.0,0.0,0.0,0.25,147.88333333333333
311,moisture_4in,post3_mid_storage,clean_stageII_48h_site_balanced,clean_stageII_48h,1.5381300484252745,1.2788280001016226,-0.3470777890704539,3.2887188948698363,0.25,99.875
315,moisture_4in,early_0_3h,all_events,clean_stageII_48h,2.511265628772469,1.6994766404335206,1.692238459953889,7.443891929396393,0.125,78.48076923076923
315,moisture_4in,early_0_3h,clean_48h,clean_stageII_48h,0.8977712029803487,0.7862635203393867,0.7817521584245694,1.7765479099353616,0.125,78.48076923076923
315,moisture_4in,early_0_3h,clean_stageII_48h,clean_stageII_48h,0.0,0.0,0.0,0.0,0.125,78.48076923076923
315,moisture_4in,early_0_3h,clean_stageII_48h_no405,clean_stageII_48h,0.0,0.0,0.0,0.0,0.125,78.48076923076923
315,moisture_4in,early_0_3h,clean_stageII_48h_site_balanced,clean_stageII_48h,0.0,0.0,0.0,0.0,0.125,78.48076923076923
315,moisture_4in,post3_late_storage,all_events,clean_stageII_48h,1.5502707989016478,0.9214219950549285,0.9115594889555586,4.45382028229779,0.25,130.25
315,moisture_4in,post3_late_storage,clean_48h,clean_stageII_48h,0.9383040098055773,0.6009940580903355,-0.09193490575611997,2.5110507353017955,0.25,123.203125
315,moisture_4in,post3_late_storage,clean_stageII_48h,clean_stageII_48h,0.0,0.0,0.0,0.0,0.25,130.25
315,moisture_4in,post3_late_storage,clean_stageII_48h_no405,clean_stageII_48h,0.0,0.0,0.0,0.0,0.25,130.25
315,moisture_4in,post3_late_storage,clean_stageII_48h_site_balanced,clean_stageII_48h,0.0,0.0,0.0,0.0,0.25,130.25
315,moisture_4in,post3_mid_storage,all_events,clean_stageII_48h,2.2805300700571753,1.6885186109858095,1.6682877820367783,5.473485155008733,0.125,83.125
315,moisture_4in,post3_mid_storage,clean_48h,clean_stageII_48h,2.237185443052568,1.478895387393032,1.4602263384057546,5.809518204573692,0.125,83.125
315,moisture_4in,post3_mid_storage,clean_stageII_48h,clean_stageII_48h,0.0,0.0,0.0,0.0,0.125,83.125
315,moisture_4in,post3_mid_storage,clean_stageII_48h_no405,clean_stageII_48h,0.0,0.0,0.0,0.0,0.125,83.125
315,moisture_4in,post3_mid_storage,clean_stageII_48h_site_balanced,clean_stageII_48h,0.0,0.0,0.0,0.0,0.125,83.125
335,moisture_4in,early_0_3h,all_events,clean_stageII_48h,7.852405401181839,7.534755084521306,-7.534755084521306,12.15928135206925,0.25,66.97830245670559
335,moisture_4in,early_0_3h,clean_48h,clean_stageII_48h,2.4508553215459226,2.319493964982578,2.319493964982578,4.367533141099274,0.25,138.75
335,moisture_4in,early_0_3h,clean_stageII_48h,clean_stageII_48h,0.0,0.0,0.0,0.0,0.25,138.75
335,moisture_4in,early_0_3h,clean_stageII_48h_no405,clean_stageII_48h,0.0,0.0,0.0,0.0,0.25,138.75
335,moisture_4in,early_0_3h,clean_stageII_48h_site_balanced,clean_stageII_48h,3.3234087415997537,2.608334055123436,-2.5981055721755264,6.291532640996232,0.25,71.625
335,moisture_4in,post3_late_storage,all_events,clean_stageII_48h,5.049661897701456,4.795709099461793,4.795709099461793,7.121345862533454,0.75,182.0
335,moisture_4in,post3_late_storage,clean_48h,clean_stageII_48h,2.2033844386752484,2.0583258982263235,2.0583258982263235,3.5995426168982103,0.375,182.0
335,moisture_4in,post3_late_storage,clean_stageII_48h,clean_stageII_48h,0.0,0.0,0.0,0.0,0.25,182.0
335,moisture_4in,post3_late_storage,clean_stageII_48h_no405,clean_stageII_48h,0.0,0.0,0.0,0.0,0.25,182.0
335,moisture_4in,post3_late_storage,clean_stageII_48h_site_balanced,clean_stageII_48h,3.5563294145948285,3.16196685672442,-2.88918059473241,5.822258075541151,0.25,139.25
335,moisture_4in,post3_mid_storage,all_events,clean_stageII_48h,3.426717232729762,3.2009060925852864,3.2009060925852864,5.363969094175822,0.5,171.75
335,moisture_4in,post3_mid_storage,clean_48h,clean_stageII_48h,3.4952258485755485,3.10360512394945,3.10360512394945,5.802010107124185,0.375,171.75
335,moisture_4in,post3_mid_storage,clean_stageII_48h,clean_stageII_48h,0.0,0.0,0.0,0.0,0.25,171.75
335,moisture_4in,post3_mid_storage,clean_stageII_48h_no405,clean_stageII_48h,0.0,0.0,0.0,0.0,0.25,171.75
335,moisture_4in,post3_mid_storage,clean_stageII_48h_site_balanced,clean_stageII_48h,3.7278884150586915,3.0835870472330447,-3.06197864999497,5.983632860765203,0.25,119.875
335,moisture_8in,early_0_3h,all_events,clean_stageII_48h,10.645488501807316,9.225894026687735,9.225894026687735,16.640795844775223,0.3249999999999994,35.75
335,moisture_8in,early_0_3h,clean_48h,clean_stageII_48h,5.786033304891818,5.2507923727671555,5.2507923727671555,8.218443185409813,0.0,35.75
335,moisture_8in,early_0_3h,clean_stageII_48h,clean_stageII_48h,0.0,0.0,0.0,0.0,0.0,35.75
335,moisture_8in,early_0_3h,clean_stageII_48h_no405,clean_stageII_48h,0.0,0.0,0.0,0.0,0.0,35.75
335,moisture_8in,early_0_3h,clean_stageII_48h_site_balanced,clean_stageII_48h,0.0,0.0,0.0,0.0,0.0,35.75
335,moisture_8in,post3_late_storage,all_events,clean_stageII_48h,11.506577240540686,10.326959961014488,10.322203047186195,15.5246404610032,0.25,56.25
335,moisture_8in,post3_late_storage,clean_48h,clean_stageII_48h,1.7790568428571478,1.407244010829193,1.3982997748259782,3.245461129219388,0.0,56.25
335,moisture_8in,post3_late_storage,clean_stageII_48h,clean_stageII_48h,0.0,0.0,0.0,0.0,0.0,56.25
335,moisture_8in,post3_late_storage,clean_stageII_48h_no405,clean_stageII_48h,0.0,0.0,0.0,0.0,0.0,56.25
335,moisture_8in,post3_late_storage,clean_stageII_48h_site_balanced,clean_stageII_48h,0.0,0.0,0.0,0.0,0.0,56.25
335,moisture_8in,post3_mid_storage,all_events,clean_stageII_48h,10.941000178927455,9.429068978319803,9.421171152262046,16.094682801093093,0.25,45.75
335,moisture_8in,post3_mid_storage,clean_48h,clean_stageII_48h,2.36123128432565,1.9028585171970245,1.8991371024660282,4.8261739264379795,0.0,45.75
335,moisture_8in,post3_mid_storage,clean_stageII_48h,clean_stageII_48h,0.0,0.0,0.0,0.0,0.0,45.75
335,moisture_8in,post3_mid_storage,clean_stageII_48h_no405,clean_stageII_48h,0.0,0.0,0.0,0.0,0.0,45.75
335,moisture_8in,post3_mid_storage,clean_stageII_48h_site_balanced,clean_stageII_48h,0.0,0.0,0.0,0.0,0.0,45.75
340,moisture_4in,early_0_3h,all_events,clean_stageII_48h,2.514978948085028,2.1647391104273432,-2.12994896830373,4.098884936904897,0.06359649122807043,62.60745614035088
340,moisture_4in,early_0_3h,clean_48h,clean_stageII_48h,0.9838756846715692,0.7983522495143341,-0.7983522495143341,2.0117664522819485,0.12427995391705138,64.12172893350888
340,moisture_4in,early_0_3h,clean_stageII_48h,clean_stageII_48h,0.0,0.0,0.0,0.0,0.0,64.52678571428572
340,moisture_4in,early_0_3h,clean_stageII_48h_no405,clean_stageII_48h,0.0,0.0,0.0,0.0,0.0,64.52678571428572
340,moisture_4in,early_0_3h,clean_stageII_48h_site_balanced,clean_stageII_48h,0.0,0.0,0.0,0.0,0.0,64.52678571428572
340,moisture_4in,post3_late_storage,all_events,clean_stageII_48h,2.0696784078361636,1.78511142138597,1.78511142138597,4.698437761693259,0.375,106.45833333333334
340,moisture_4in,post3_late_storage,clean_48h,clean_stageII_48h,1.4607469742298385,1.047665023601451,1.04128312660986,3.992156143935656,0.25,106.45833333333334
340,moisture_4in,post3_late_storage,clean_stageII_48h,clean_stageII_48h,0.0,0.0,0.0,0.0,0.125,106.45833333333334
340,moisture_4in,post3_late_storage,clean_stageII_48h_no405,clean_stageII_48h,0.0,0.0,0.0,0.0,0.125,106.45833333333334
340,moisture_4in,post3_late_storage,clean_stageII_48h_site_balanced,clean_stageII_48h,0.0,0.0,0.0,0.0,0.125,106.45833333333334
340,moisture_4in,post3_mid_storage,all_events,clean_stageII_48h,0.8103793109643257,0.5576145394027379,-0.015871037931061042,2.367804960757547,0.1687500000000015,83.42857142857143
340,moisture_4in,post3_mid_storage,clean_48h,clean_stageII_48h,1.5407215490903996,1.1343473998197464,1.1343473998197464,3.3155576268365543,0.375,83.42857142857143
340,moisture_4in,post3_mid_storage,clean_stageII_48h,clean_stageII_48h,0.0,0.0,0.0,0.0,0.125,83.42857142857143
340,moisture_4in,post3_mid_storage,clean_stageII_48h_no405,clean_stageII_48h,0.0,0.0,0.0,0.0,0.125,83.42857142857143
340,moisture_4in,post3_mid_storage,clean_stageII_48h_site_balanced,clean_stageII_48h,0.0,0.0,0.0,0.0,0.125,83.42857142857143
400,moisture_4in,early_0_3h,all_events,clean_stageII_48h,0.7066119306420956,0.5860543896396208,0.5722355748710443,1.5644971313512297,0.14473684210526638,19.709375
400,moisture_4in,early_0_3h,clean_48h,clean_stageII_48h,0.5692027907435757,0.4225796166054213,0.4153439867936137,1.4511304213402898,0.14473684210526638,19.709375
400,moisture_4in,early_0_3h,clean_stageII_48h,clean_stageII_48h,0.0,0.0,0.0,0.0,0.0,19.709375
400,moisture_4in,early_0_3h,clean_stageII_48h_no405,clean_stageII_48h,0.0,0.0,0.0,0.0,0.0,19.709375
400,moisture_4in,early_0_3h,clean_stageII_48h_site_balanced,clean_stageII_48h,0.0,0.0,0.0,0.0,0.0,19.709375
400,moisture_4in,post3_late_storage,all_events,clean_stageII_48h,0.7747756033330471,0.6612987908466699,0.6612987908466699,1.3236013498758972,0.0,40.0
400,moisture_4in,post3_late_storage,clean_48h,clean_stageII_48h,0.7717988148807158,0.6591927298234401,0.6591927298234401,1.3446033765334189,0.0,40.0
400,moisture_4in,post3_late_storage,clean_stageII_48h,clean_stageII_48h,0.0,0.0,0.0,0.0,0.0,40.0
400,moisture_4in,post3_late_storage,clean_stageII_48h_no405,clean_stageII_48h,0.0,0.0,0.0,0.0,0.0,40.0
400,moisture_4in,post3_late_storage,clean_stageII_48h_site_balanced,clean_stageII_48h,0.0,0.0,0.0,0.0,0.0,40.0
405,moisture_12in,early_0_3h,all_events,clean_stageII_48h,5.19132037537417,4.6958948006722885,4.6958948006722885,12.139627165651273,0.4206349206349208,77.625
405,moisture_12in,early_0_3h,clean_48h,clean_stageII_48h,6.74099445539621,5.504635012651402,5.2860197318695645,15.45361203779052,0.25,77.625
405,moisture_12in,early_0_3h,clean_stageII_48h,clean_stageII_48h,0.0,0.0,0.0,0.0,0.125,77.625
405,moisture_12in,early_0_3h,clean_stageII_48h_site_balanced,clean_stageII_48h,0.0,0.0,0.0,0.0,0.125,77.625
405,moisture_12in,post3_late_storage,all_events,clean_stageII_48h,5.692120946459672,5.464931509849465,5.464931509849465,10.456082215070376,0.5,92.27412280701755
405,moisture_12in,post3_late_storage,clean_48h,clean_stageII_48h,5.283493353689659,5.057732999122112,5.057732999122112,10.236322399012215,0.25,92.27412280701755
405,moisture_12in,post3_late_storage,clean_stageII_48h,clean_stageII_48h,0.0,0.0,0.0,0.0,0.125,92.27412280701755
405,moisture_12in,post3_late_storage,clean_stageII_48h_site_balanced,clean_stageII_48h,0.0,0.0,0.0,0.0,0.125,92.27412280701755
405,moisture_12in,post3_mid_storage,all_events,clean_stageII_48h,2.128206113479321,1.7058608687326227,0.7533576456982591,5.033977255995005,0.125,72.41597605893185
405,moisture_12in,post3_mid_storage,clean_48h,clean_stageII_48h,4.838528504880358,4.342736813142504,4.249263787922146,8.081666000576234,0.125,72.41597605893185
405,moisture_12in,post3_mid_storage,clean_stageII_48h,clean_stageII_48h,0.0,0.0,0.0,0.0,0.125,72.41597605893185
405,moisture_12in,post3_mid_storage,clean_stageII_48h_site_balanced,clean_stageII_48h,0.0,0.0,0.0,0.0,0.125,72.41597605893185
405,moisture_16in,early_0_3h,all_events,clean_stageII_48h,12.19995068289503,10.714623610995023,10.671244416091923,23.9391157491998,0.20535714285714418,38.75
405,moisture_16in,early_0_3h,clean_48h,clean_stageII_48h,9.016788288488927,7.4662973379286575,5.7140156091588175,20.363395355749034,0.125,38.75
405,moisture_16in,early_0_3h,clean_stageII_48h,clean_stageII_48h,0.0,0.0,0.0,0.0,0.0,38.75
405,moisture_16in,early_0_3h,clean_stageII_48h_site_balanced,clean_stageII_48h,0.0,0.0,0.0,0.0,0.0,38.75
405,moisture_16in,post3_late_storage,all_events,clean_stageII_48h,11.712945096579942,11.220738094920671,11.220738094920671,15.296085274624215,0.125,41.5
405,moisture_16in,post3_late_storage,clean_48h,clean_stageII_48h,10.508189378574915,10.108694016187942,10.108694016187942,14.114674080721157,0.125,41.5
405,moisture_16in,post3_late_storage,clean_stageII_48h,clean_stageII_48h,0.0,0.0,0.0,0.0,0.0,41.5
405,moisture_16in,post3_late_storage,clean_stageII_48h_site_balanced,clean_stageII_48h,0.0,0.0,0.0,0.0,0.0,41.5
405,moisture_16in,post3_mid_storage,all_events,clean_stageII_48h,14.42418267063041,13.277038422960567,13.271924688860544,20.063799096766584,0.125,20.5
405,moisture_16in,post3_mid_storage,clean_48h,clean_stageII_48h,12.722111382354353,11.522117590084237,11.522117590084237,19.4429973456843,0.0,20.5
405,moisture_16in,post3_mid_storage,clean_stageII_48h,clean_stageII_48h,0.0,0.0,0.0,0.0,0.0,20.5
405,moisture_16in,post3_mid_storage,clean_stageII_48h_site_balanced,clean_stageII_48h,0.0,0.0,0.0,0.0,0.0,20.5
405,moisture_4in,early_0_3h,all_events,clean_stageII_48h,3.051289852881269,2.550378118108721,2.313351057578651,5.50007980779599,0.25,76.90976123595506
405,moisture_4in,early_0_3h,clean_48h,clean_stageII_48h,3.497214617674366,2.9320119853917266,2.927415488909397,6.042521402348969,0.3093377976190437,76.90976123595506
405,moisture_4in,early_0_3h,clean_stageII_48h,clean_stageII_48h,0.0,0.0,0.0,0.0,0.125,76.90976123595506
405,moisture_4in,early_0_3h,clean_stageII_48h_site_balanced,clean_stageII_48h,2.295757419680428,2.1796494575011707,-2.1796494575011707,3.237033435442222,0.125,44.79538168703667
405,moisture_4in,post3_late_storage,all_events,clean_stageII_48h,3.3292632995997034,2.94198063355541,2.94198063355541,7.698604012002308,0.5,129.375
405,moisture_4in,post3_late_storage,clean_48h,clean_stageII_48h,3.1600827997499734,2.348483776237729,2.348483776237729,9.039969276557493,0.25,129.375
405,moisture_4in,post3_late_storage,clean_stageII_48h,clean_stageII_48h,0.0,0.0,0.0,0.0,0.125,129.375
405,moisture_4in,post3_late_storage,clean_stageII_48h_site_balanced,clean_stageII_48h,1.3910937928837717,1.0610994376968992,-1.0499921444278943,3.4784011384545517,0.125,101.625
405,moisture_4in,post3_mid_storage,all_events,clean_stageII_48h,4.031769877263032,3.6813902404401313,3.6813902404401313,8.456732593456147,0.125,75.79449152542372
405,moisture_4in,post3_mid_storage,clean_48h,clean_stageII_48h,3.9070768960227458,3.476680988755142,3.476680988755142,8.455635489792828,0.125,75.79449152542372
405,moisture_4in,post3_mid_storage,clean_stageII_48h,clean_stageII_48h,0.0,0.0,0.0,0.0,0.125,75.79449152542372
405,moisture_4in,post3_mid_storage,clean_stageII_48h_site_balanced,clean_stageII_48h,1.5736708293295887,1.186889265031039,-1.1820263972181004,3.0153116130487883,0.125,52.875
405,moisture_8in,early_0_3h,all_events,clean_stageII_48h,5.487336626584335,4.735325984064159,4.701827812068379,8.833328247899825,0.5,59.79310344827586
405,moisture_8in,early_0_3h,clean_48h,clean_stageII_48h,6.019266568027482,5.136001335345085,5.095492091367105,9.762370393431382,0.25,59.79310344827586
405,moisture_8in,early_0_3h,clean_stageII_48h,clean_stageII_48h,0.0,0.0,0.0,0.0,0.021551724137929704,59.79310344827586
405,moisture_8in,early_0_3h,clean_stageII_48h_site_balanced,clean_stageII_48h,0.0,0.0,0.0,0.0,0.021551724137929704,59.79310344827586
405,moisture_8in,post3_late_storage,all_events,clean_stageII_48h,3.943378388142521,3.553505883342297,3.1143229869425517,6.967006155129642,0.25,78.875
405,moisture_8in,post3_late_storage,clean_48h,clean_stageII_48h,2.7678880015865657,2.278512791085746,2.2236551877443818,4.58620845890913,0.125,78.875
405,moisture_8in,post3_late_storage,clean_stageII_48h,clean_stageII_48h,0.0,0.0,0.0,0.0,0.125,78.875
405,moisture_8in,post3_late_storage,clean_stageII_48h_site_balanced,clean_stageII_48h,0.0,0.0,0.0,0.0,0.125,78.875
405,moisture_8in,post3_mid_storage,all_events,clean_stageII_48h,4.822556887354301,4.0069384392762935,3.94472554523401,9.877251529910822,0.25,61.0
405,moisture_8in,post3_mid_storage,clean_48h,clean_stageII_48h,4.656118133490831,3.840345407884006,3.8011072107460673,9.73307403138276,0.25,61.0
405,moisture_8in,post3_mid_storage,clean_stageII_48h,clean_stageII_48h,0.0,0.0,0.0,0.0,0.0,61.0
405,moisture_8in,post3_mid_storage,clean_stageII_48h_site_balanced,clean_stageII_48h,0.0,0.0,0.0,0.0,0.0,61.0
420,moisture_4in,early_0_3h,all_events,clean_stageII_48h,3.402951277286255,3.1777785297318575,-3.1725452391738145,5.360127536162246,0.4357142857142835,126.37565789473683
420,moisture_4in,early_0_3h,clean_48h,clean_stageII_48h,1.3937608480703922,1.1468478230068182,-1.0467608540008635,3.753798063330274,0.26217948717948514,121.7326923076923
420,moisture_4in,early_0_3h,clean_stageII_48h,clean_stageII_48h,0.0,0.0,0.0,0.0,0.125,126.37565789473683
420,moisture_4in,early_0_3h,clean_stageII_48h_no405,clean_stageII_48h,0.0,0.0,0.0,0.0,0.125,126.37565789473683
420,moisture_4in,early_0_3h,clean_stageII_48h_site_balanced,clean_stageII_48h,1.9823568278522077,1.6624180118359235,-1.6197307996184378,3.5056842812579205,0.125,79.58881578947368
420,moisture_4in,post3_late_storage,all_events,clean_stageII_48h,1.4466835047106048,1.0657884692548836,-0.5468656388218016,3.360235156198831,0.75,262.5
420,moisture_4in,post3_late_storage,clean_48h,clean_stageII_48h,0.20802889101543023,0.1712446623141259,0.055971244931172295,0.4777881993150359,0.5,262.5
420,moisture_4in,post3_late_storage,clean_stageII_48h,clean_stageII_48h,0.0,0.0,0.0,0.0,0.5,262.5
420,moisture_4in,post3_late_storage,clean_stageII_48h_no405,clean_stageII_48h,0.0,0.0,0.0,0.0,0.5,262.5
420,moisture_4in,post3_late_storage,clean_stageII_48h_site_balanced,clean_stageII_48h,3.8797106609611807,3.3359418102734404,-3.3359418102734404,6.739201263243245,0.5,118.125
420,moisture_4in,post3_mid_storage,all_events,clean_stageII_48h,1.093668250106016,0.9962822951408457,-0.7827167330205366,2.767554406890955,1.0208333333333384,194.14955357142844
420,moisture_4in,post3_mid_storage,clean_48h,clean_stageII_48h,0.5581809548323251,0.4783641199299366,0.4348260131281998,1.3658200358021837,0.375,194.14955357142844
420,moisture_4in,post3_mid_storage,clean_stageII_48h,clean_stageII_48h,0.0,0.0,0.0,0.0,0.25,194.14955357142844
420,moisture_4in,post3_mid_storage,clean_stageII_48h_no405,clean_stageII_48h,0.0,0.0,0.0,0.0,0.25,194.14955357142844
420,moisture_4in,post3_mid_storage,clean_stageII_48h_site_balanced,clean_stageII_48h,4.452648615341415,4.063751474949821,-4.060097674753476,6.602878295423761,0.25,71.125
425,moisture_4in,early_0_3h,all_events,clean_stageII_48h,2.7189852004406094,1.813202567315464,1.813202567315464,6.395468311577572,0.0,24.5
425,moisture_4in,early_0_3h,clean_48h,clean_stageII_48h,2.7887633419519653,2.0117510715736135,2.0117510715736135,6.1152952811184935,0.0,24.5
425,moisture_4in,early_0_3h,clean_stageII_48h,clean_stageII_48h,0.0,0.0,0.0,0.0,0.0,24.5
425,moisture_4in,early_0_3h,clean_stageII_48h_no405,clean_stageII_48h,0.0,0.0,0.0,0.0,0.0,24.5
425,moisture_4in,early_0_3h,clean_stageII_48h_site_balanced,clean_stageII_48h,0.0,0.0,0.0,0.0,0.0,24.5
425,moisture_4in,post3_late_storage,all_events,clean_stageII_48h,2.866314582107085,2.1526716516043742,2.1526716516043742,5.718401821286093,0.125,32.75
425,moisture_4in,post3_late_storage,clean_48h,clean_stageII_48h,2.047394551325577,1.390158713487391,1.390158713487391,4.171460041327451,0.0,32.75
425,moisture_4in,post3_late_storage,clean_stageII_48h,clean_stageII_48h,0.0,0.0,0.0,0.0,0.0,32.75
425,moisture_4in,post3_late_storage,clean_stageII_48h_no405,clean_stageII_48h,0.0,0.0,0.0,0.0,0.0,32.75
425,moisture_4in,post3_late_storage,clean_stageII_48h_site_balanced,clean_stageII_48h,0.0,0.0,0.0,0.0,0.0,32.75
425,moisture_4in,post3_mid_storage,all_events,clean_stageII_48h,2.9185666756777318,2.284298693371439,2.277998734978687,5.594045140042349,0.125,23.75
425,moisture_4in,post3_mid_storage,clean_48h,clean_stageII_48h,2.607937953963786,1.847607659256206,1.8452231154807939,5.48408090049381,0.0,23.75
425,moisture_4in,post3_mid_storage,clean_stageII_48h,clean_stageII_48h,0.0,0.0,0.0,0.0,0.0,23.75
425,moisture_4in,post3_mid_storage,clean_stageII_48h_no405,clean_stageII_48h,0.0,0.0,0.0,0.0,0.0,23.75
425,moisture_4in,post3_mid_storage,clean_stageII_48h_site_balanced,clean_stageII_48h,0.0,0.0,0.0,0.0,0.0,23.75
430,moisture_4in,early_0_3h,all_events,clean_stageII_48h,5.111053912973845,4.211292271881226,-4.211292271881226,10.249370661139865,0.3954545454545477,119.625
430,moisture_4in,early_0_3h,clean_48h,clean_stageII_48h,0.8750842762654404,0.7131786526938816,0.47461846871181207,2.900658139163121,0.25,119.625
430,moisture_4in,early_0_3h,clean_stageII_48h,clean_stageII_48h,0.0,0.0,0.0,0.0,0.125,119.625
430,moisture_4in,early_0_3h,clean_stageII_48h_no405,clean_stageII_48h,0.0,0.0,0.0,0.0,0.125,119.625
430,moisture_4in,early_0_3h,clean_stageII_48h_site_balanced,clean_stageII_48h,1.953983593364367,1.4843480736469088,-1.4618059797092975,5.420518117303191,0.125,87.08333333333334
430,moisture_4in,post3_late_storage,all_events,clean_stageII_48h,2.101399446696039,1.6207182477168545,1.6121452177559326,5.723316088429087,0.5,160.0
430,moisture_4in,post3_late_storage,clean_48h,clean_stageII_48h,0.8999125365291687,0.6314478127428769,0.6313496425440934,2.4942200305305207,0.25,160.0
430,moisture_4in,post3_late_storage,clean_stageII_48h,clean_stageII_48h,0.0,0.0,0.0,0.0,0.25,160.0
430,moisture_4in,post3_late_storage,clean_stageII_48h_no405,clean_stageII_48h,0.0,0.0,0.0,0.0,0.25,160.0
430,moisture_4in,post3_late_storage,clean_stageII_48h_site_balanced,clean_stageII_48h,1.6190290506695821,1.0623491778146177,-1.0623491778146177,5.14174594139423,0.25,121.125
430,moisture_4in,post3_mid_storage,all_events,clean_stageII_48h,2.8292859082337136,2.3904626185894213,2.3904626185894213,4.960869699114529,0.375,101.875
430,moisture_4in,post3_mid_storage,clean_48h,clean_stageII_48h,1.9222431560583213,1.6846070291645856,1.6846070291645856,3.294921695751949,0.25,101.875
430,moisture_4in,post3_mid_storage,clean_stageII_48h,clean_stageII_48h,0.0,0.0,0.0,0.0,0.125,101.875
430,moisture_4in,post3_mid_storage,clean_stageII_48h_no405,clean_stageII_48h,0.0,0.0,0.0,0.0,0.125,101.875
430,moisture_4in,post3_mid_storage,clean_stageII_48h_site_balanced,clean_stageII_48h,2.2196228731455796,1.640191492268068,-1.4324527041097848,4.180541571995947,0.125,67.375
440,moisture_4in,early_0_3h,all_events,clean_stageII_48h,6.122930817574967,5.466304469509545,-5.466304469509545,10.87948427424765,0.014453125000000677,24.51805555555555
440,moisture_4in,early_0_3h,clean_48h,clean_stageII_48h,3.427013372444562,3.172890513121113,-3.172890513121113,8.526481821052977,0.02929687499999878,30.989149305555546
440,moisture_4in,early_0_3h,clean_stageII_48h,clean_stageII_48h,0.0,0.0,0.0,0.0,0.0,44.24004536290323
440,moisture_4in,early_0_3h,clean_stageII_48h_no405,clean_stageII_48h,0.0,0.0,0.0,0.0,0.0,44.24004536290323
440,moisture_4in,early_0_3h,clean_stageII_48h_site_balanced,clean_stageII_48h,1.0056729677031153,0.7954739383145711,0.40828516381234625,1.7516840658778108,0.125,44.24004536290323
440,moisture_4in,post3_late_storage,all_events,clean_stageII_48h,1.5318360945142357,1.358601942385767,1.32983709998838,2.7832486696030365,0.5,159.99218749999994
440,moisture_4in,post3_late_storage,clean_48h,clean_stageII_48h,0.27164396571924254,0.19820666895823974,0.1794319208918085,0.6430605846435462,0.3671874999999761,159.99218749999994
440,moisture_4in,post3_late_storage,clean_stageII_48h,clean_stageII_48h,0.0,0.0,0.0,0.0,0.3671874999999761,159.99218749999994
440,moisture_4in,post3_late_storage,clean_stageII_48h_no405,clean_stageII_48h,0.0,0.0,0.0,0.0,0.3671874999999761,159.99218749999994
440,moisture_4in,post3_late_storage,clean_stageII_48h_site_balanced,clean_stageII_48h,1.8111531258296516,1.514004132823414,-1.514004132823414,4.057104969886678,0.3671874999999761,81.02343749999997
440,moisture_4in,post3_mid_storage,all_events,clean_stageII_48h,2.1348896105729116,1.675353193520883,1.675353193520883,4.432840739177637,0.25,79.625
440,moisture_4in,post3_mid_storage,clean_48h,clean_stageII_48h,1.8108075011311269,1.4250214098993692,1.4250214098993692,3.6050538763272346,0.25,79.625
440,moisture_4in,post3_mid_storage,clean_stageII_48h,clean_stageII_48h,0.0,0.0,0.0,0.0,0.125,79.625
440,moisture_4in,post3_mid_storage,clean_stageII_48h_no405,clean_stageII_48h,0.0,0.0,0.0,0.0,0.125,79.625
440,moisture_4in,post3_mid_storage,clean_stageII_48h_site_balanced,clean_stageII_48h,1.2698812204833763,1.0776627017891178,-1.0555961450561817,2.077327850897568,0.125,65.0
450,moisture_4in,early_0_3h,all_events,clean_stageII_48h,1.6186023121976334,1.51314819774626,-1.0727255227720418,2.529402846256521,0.03482142857142903,29.57016832804178
450,moisture_4in,early_0_3h,clean_48h,clean_stageII_48h,0.9714532839899461,0.8500057790022573,0.4151989463866612,1.6575869291029468,0.03482142857142903,40.19454752149665
450,moisture_4in,early_0_3h,clean_stageII_48h,clean_stageII_48h,0.0,0.0,0.0,0.0,0.03482142857142903,40.19454752149665
450,moisture_4in,early_0_3h,clean_stageII_48h_no405,clean_stageII_48h,0.0,0.0,0.0,0.0,0.03482142857142903,40.19454752149665
450,moisture_4in,early_0_3h,clean_stageII_48h_site_balanced,clean_stageII_48h,4.566671873687253,4.340256682623411,4.339879106049815,6.034385965245216,0.15482954545454652,40.19454752149665
450,moisture_4in,post3_late_storage,all_events,clean_stageII_48h,4.2854317323161455,4.0564068284359225,-4.0564068284359225,6.769680209037228,0.5,230.9971856725146
450,moisture_4in,post3_late_storage,clean_48h,clean_stageII_48h,1.722244480358781,1.4929049881569136,-1.3538379500632127,2.6007884371739562,0.5,261.59285714285716
450,moisture_4in,post3_late_storage,clean_stageII_48h,clean_stageII_48h,0.0,0.0,0.0,0.0,0.5,314.25
450,moisture_4in,post3_late_storage,clean_stageII_48h_no405,clean_stageII_48h,0.0,0.0,0.0,0.0,0.5,314.25
450,moisture_4in,post3_late_storage,clean_stageII_48h_site_balanced,clean_stageII_48h,3.462806250513898,3.0419144273563203,-3.0419144273563203,7.1581503074514625,0.5,107.875
450,moisture_4in,post3_mid_storage,all_events,clean_stageII_48h,2.354301469540681,2.2426213170463085,2.2426213170463085,3.4567820625771386,0.25,138.75
450,moisture_4in,post3_mid_storage,clean_48h,clean_stageII_48h,1.8905241859240383,1.520948144278775,1.2245809950477426,4.113913667465299,0.25,138.75
450,moisture_4in,post3_mid_storage,clean_stageII_48h,clean_stageII_48h,0.0,0.0,0.0,0.0,0.25,138.75
450,moisture_4in,post3_mid_storage,clean_stageII_48h_no405,clean_stageII_48h,0.0,0.0,0.0,0.0,0.25,138.75
450,moisture_4in,post3_mid_storage,clean_stageII_48h_site_balanced,clean_stageII_48h,2.3613088466047873,1.6883600090001343,-1.512969923783145,6.25579625590945,0.25,54.75
450,moisture_8in,early_0_3h,all_events,clean_stageII_48h,2.1690196779235293,1.7531254753114942,-1.7335111394102616,5.318515753443124,0.125,39.62251667708985
450,moisture_8in,early_0_3h,clean_48h,clean_stageII_48h,0.582730199128758,0.4845436674060344,0.426555043671168,1.2105703414735771,0.0,39.62251667708985
450,moisture_8in,early_0_3h,clean_stageII_48h,clean_stageII_48h,0.0,0.0,0.0,0.0,0.0,39.62251667708985
450,moisture_8in,early_0_3h,clean_stageII_48h_no405,clean_stageII_48h,0.0,0.0,0.0,0.0,0.0,39.62251667708985
450,moisture_8in,early_0_3h,clean_stageII_48h_site_balanced,clean_stageII_48h,0.0,0.0,0.0,0.0,0.0,39.62251667708985
450,moisture_8in,post3_late_storage,all_events,clean_stageII_48h,1.022578979880434,0.8348473789935459,0.8157869975210293,2.124065489306245,0.375,140.25
450,moisture_8in,post3_late_storage,clean_48h,clean_stageII_48h,0.49653633067274666,0.38227802260302723,0.3743053048523854,1.2088730403191068,0.25,140.25
450,moisture_8in,post3_late_storage,clean_stageII_48h,clean_stageII_48h,0.0,0.0,0.0,0.0,0.25,140.25
450,moisture_8in,post3_late_storage,clean_stageII_48h_no405,clean_stageII_48h,0.0,0.0,0.0,0.0,0.25,140.25
450,moisture_8in,post3_late_storage,clean_stageII_48h_site_balanced,clean_stageII_48h,0.0,0.0,0.0,0.0,0.25,140.25
450,moisture_8in,post3_mid_storage,all_events,clean_stageII_48h,3.3188472571876777,2.955384509527615,2.955384509527615,5.298923583418473,0.125,41.75
450,moisture_8in,post3_mid_storage,clean_48h,clean_stageII_48h,2.2676235197509333,1.8250935685660288,1.8250935685660288,4.274282361469892,0.0,41.75
450,moisture_8in,post3_mid_storage,clean_stageII_48h,clean_stageII_48h,0.0,0.0,0.0,0.0,0.0,41.75
450,moisture_8in,post3_mid_storage,clean_stageII_48h_no405,clean_stageII_48h,0.0,0.0,0.0,0.0,0.0,41.75
450,moisture_8in,post3_mid_storage,clean_stageII_48h_site_balanced,clean_stageII_48h,0.0,0.0,0.0,0.0,0.0,41.75
455,moisture_4in,early_0_3h,all_events,clean_stageII_48h,2.3992356545681486,1.978351336956767,-0.9603892469297667,5.019547689948691,0.5689655172413788,210.19387755102042
455,moisture_4in,early_0_3h,clean_48h,clean_stageII_48h,3.8734626180228613,3.1108752546582137,2.9205866086781436,9.006008428798548,0.5,210.19387755102042
455,moisture_4in,early_0_3h,clean_stageII_48h,clean_stageII_48h,0.0,0.0,0.0,0.0,0.5,210.19387755102042
455,moisture_4in,early_0_3h,clean_stageII_48h_no405,clean_stageII_48h,0.0,0.0,0.0,0.0,0.5,210.19387755102042
455,moisture_4in,early_0_3h,clean_stageII_48h_site_balanced,clean_stageII_48h,7.629566758348544,6.305270336545812,-6.305270336545812,16.90773007013743,0.5,81.35433227344994
455,moisture_4in,post3_late_storage,all_events,clean_stageII_48h,5.68392697023214,4.445435817432458,4.445435817432458,12.530739885884273,1.0,283.625
455,moisture_4in,post3_late_storage,clean_48h,clean_stageII_48h,2.2827260036431247,1.8614685155782174,1.8614685155782174,5.516843973768964,0.5,283.625
455,moisture_4in,post3_late_storage,clean_stageII_48h,clean_stageII_48h,0.0,0.0,0.0,0.0,0.5,283.625
455,moisture_4in,post3_late_storage,clean_stageII_48h_no405,clean_stageII_48h,0.0,0.0,0.0,0.0,0.5,283.625
455,moisture_4in,post3_late_storage,clean_stageII_48h_site_balanced,clean_stageII_48h,9.027580198867238,7.362403219920326,-7.362403219920326,18.005496540827405,0.5,82.99062500000001
455,moisture_4in,post3_mid_storage,all_events,clean_stageII_48h,3.658216503761315,3.2124325757599257,0.5951750477961866,6.807130770155521,0.5,231.09210526315792
455,moisture_4in,post3_mid_storage,clean_48h,clean_stageII_48h,2.5978406927740654,1.9341146308331747,1.9341146308331747,8.538293254890961,0.5,231.09210526315792
455,moisture_4in,post3_mid_storage,clean_stageII_48h,clean_stageII_48h,0.0,0.0,0.0,0.0,0.5,231.09210526315792
455,moisture_4in,post3_mid_storage,clean_stageII_48h_no405,clean_stageII_48h,0.0,0.0,0.0,0.0,0.5,231.09210526315792
455,moisture_4in,post3_mid_storage,clean_stageII_48h_site_balanced,clean_stageII_48h,7.133437584264421,5.8015113111267445,-5.8015113111267445,17.710512374860762,0.5,72.225
460,moisture_4in,early_0_3h,all_events,clean_stageII_48h,2.583586184779802,2.228371881625562,-2.228371881625562,4.498272035406853,0.125,84.33928571428572
460,moisture_4in,early_0_3h,clean_48h,clean_stageII_48h,1.772304754956626,1.4408056463537966,-0.5763516639403039,4.390865582499984,0.125,87.13392857142858
460,moisture_4in,early_0_3h,clean_stageII_48h,clean_stageII_48h,0.0,0.0,0.0,0.0,0.125,87.13392857142858
460,moisture_4in,early_0_3h,clean_stageII_48h_no405,clean_stageII_48h,0.0,0.0,0.0,0.0,0.125,87.13392857142858
460,moisture_4in,early_0_3h,clean_stageII_48h_site_balanced,clean_stageII_48h,0.930625255641033,0.745131654249492,-0.7360472636743013,1.860077562491517,0.125,83.625
460,moisture_4in,post3_late_storage,all_events,clean_stageII_48h,1.1968027501807523,0.9320112737449904,0.6098362658250955,2.4063378637423742,0.25,164.75
460,moisture_4in,post3_late_storage,clean_48h,clean_stageII_48h,0.13395301016708563,0.1084790058932154,0.07776432733762949,0.3802807471839138,0.25,164.75
460,moisture_4in,post3_late_storage,clean_stageII_48h,clean_stageII_48h,0.0,0.0,0.0,0.0,0.25,164.75
460,moisture_4in,post3_late_storage,clean_stageII_48h_no405,clean_stageII_48h,0.0,0.0,0.0,0.0,0.25,164.75
460,moisture_4in,post3_late_storage,clean_stageII_48h_site_balanced,clean_stageII_48h,0.4651427049092662,0.3186582184616001,-0.01790122959886146,1.4279379781239276,0.25,164.75
460,moisture_4in,post3_mid_storage,all_events,clean_stageII_48h,1.2329935793200393,0.9520651609668855,0.8069212855643567,2.9173187967061516,0.25,138.27777777777777
460,moisture_4in,post3_mid_storage,clean_48h,clean_stageII_48h,0.9782756140289538,0.6126780670333977,0.6079359350305004,3.7765449943405986,0.25,138.27777777777777
460,moisture_4in,post3_mid_storage,clean_stageII_48h,clean_stageII_48h,0.0,0.0,0.0,0.0,0.25,138.27777777777777
460,moisture_4in,post3_mid_storage,clean_stageII_48h_no405,clean_stageII_48h,0.0,0.0,0.0,0.0,0.25,138.27777777777777
460,moisture_4in,post3_mid_storage,clean_stageII_48h_site_balanced,clean_stageII_48h,0.9881817150079742,0.5978150323119047,-0.5598976436527673,3.6514123631786566,0.25,113.2972341954023
460,moisture_8in,early_0_3h,all_events,clean_stageII_48h,2.3098993976560402,1.9957272215703572,1.5539161779600152,5.2362501384890745,0.125,26.75
460,moisture_8in,early_0_3h,clean_48h,clean_stageII_48h,1.4456939393908248,1.249961960967536,1.2495425869765786,2.7412199786778224,0.0,26.75
460,moisture_8in,early_0_3h,clean_stageII_48h,clean_stageII_48h,0.0,0.0,0.0,0.0,0.0,26.75
460,moisture_8in,early_0_3h,clean_stageII_48h_no405,clean_stageII_48h,0.0,0.0,0.0,0.0,0.0,26.75
460,moisture_8in,early_0_3h,clean_stageII_48h_site_balanced,clean_stageII_48h,0.0,0.0,0.0,0.0,0.0,26.75
460,moisture_8in,post3_late_storage,all_events,clean_stageII_48h,2.3515551949590074,2.239283739172059,2.239283739172059,4.110970504420481,0.375,84.375
460,moisture_8in,post3_late_storage,clean_48h,clean_stageII_48h,0.5051565394759194,0.2949218614102915,0.2949218614102915,1.6900455218799877,0.125,84.375
460,moisture_8in,post3_late_storage,clean_stageII_48h,clean_stageII_48h,0.0,0.0,0.0,0.0,0.125,84.375
460,moisture_8in,post3_late_storage,clean_stageII_48h_no405,clean_stageII_48h,0.0,0.0,0.0,0.0,0.125,84.375
460,moisture_8in,post3_late_storage,clean_stageII_48h_site_balanced,clean_stageII_48h,0.0,0.0,0.0,0.0,0.125,84.375
480,moisture_4in,early_0_3h,all_events,clean_stageII_48h,5.208469682811557,4.759608664057163,-4.523690465174157,6.538381501239221,0.0,21.760452783509187
480,moisture_4in,early_0_3h,clean_48h,clean_stageII_48h,5.366573306352516,4.894401428535409,-4.6860783010238185,6.595308286858036,0.0,18.301731085526313
480,moisture_4in,early_0_3h,clean_stageII_48h,clean_stageII_48h,0.0,0.0,0.0,0.0,0.0,50.543749999999996
480,moisture_4in,early_0_3h,clean_stageII_48h_no405,clean_stageII_48h,0.0,0.0,0.0,0.0,0.0,50.543749999999996
480,moisture_4in,early_0_3h,clean_stageII_48h_site_balanced,clean_stageII_48h,1.169511570133021,0.9096950006634698,0.7905518312398504,2.935957574961339,0.0,50.543749999999996
480,moisture_4in,post3_late_storage,all_events,clean_stageII_48h,1.279389234070821,1.1025509010545727,1.1025509010545727,2.4107136883322724,0.75,304.0
480,moisture_4in,post3_late_storage,clean_48h,clean_stageII_48h,0.42365467436243104,0.3561329960580464,0.3094395960311477,0.7607570581178624,0.75,293.96184006211183
480,moisture_4in,post3_late_storage,clean_stageII_48h,clean_stageII_48h,0.0,0.0,0.0,0.0,0.5,304.0
480,moisture_4in,post3_late_storage,clean_stageII_48h_no405,clean_stageII_48h,0.0,0.0,0.0,0.0,0.5,304.0
480,moisture_4in,post3_late_storage,clean_stageII_48h_site_balanced,clean_stageII_48h,0.7327565318420489,0.6662403092097191,-0.6662403092097191,1.2573617947919509,0.5,198.625
480,moisture_4in,post3_mid_storage,all_events,clean_stageII_48h,1.0526560889374188,0.8006740657173905,0.7400572439352373,2.3376093415991512,0.125,112.125
480,moisture_4in,post3_mid_storage,clean_48h,clean_stageII_48h,2.015822578452192,1.6261065502934666,1.6221926929998227,3.5284588996658277,0.25,112.125
480,moisture_4in,post3_mid_storage,clean_stageII_48h,clean_stageII_48h,0.0,0.0,0.0,0.0,0.125,112.125
480,moisture_4in,post3_mid_storage,clean_stageII_48h_no405,clean_stageII_48h,0.0,0.0,0.0,0.0,0.125,112.125
480,moisture_4in,post3_mid_storage,clean_stageII_48h_site_balanced,clean_stageII_48h,0.7707765874586755,0.6023969382071664,-0.5822800716589877,1.6247209866921102,0.125,96.375
490,moisture_12in,early_0_3h,all_events,clean_stageII_48h,5.590120083763728,3.911040629466579,3.873135029917168,12.210556786767722,0.0,22.699999999999996
490,moisture_12in,early_0_3h,clean_48h,clean_stageII_48h,5.4098545356917045,3.7929949202979136,3.7550634304203383,11.792235658020125,0.0,22.699999999999996
490,moisture_12in,early_0_3h,clean_stageII_48h,clean_stageII_48h,0.0,0.0,0.0,0.0,0.0,22.699999999999996
490,moisture_12in,early_0_3h,clean_stageII_48h_no405,clean_stageII_48h,0.0,0.0,0.0,0.0,0.0,22.699999999999996
490,moisture_12in,early_0_3h,clean_stageII_48h_site_balanced,clean_stageII_48h,0.0,0.0,0.0,0.0,0.0,22.699999999999996
490,moisture_12in,post3_late_storage,all_events,clean_stageII_48h,1.6674314844507105,1.1830012159421293,1.182943453358279,3.7133534967301323,0.0,31.0
490,moisture_12in,post3_late_storage,clean_48h,clean_stageII_48h,1.6682468228024405,1.1835740785271707,1.183515201055793,3.717121398045986,0.0,31.0
490,moisture_12in,post3_late_storage,clean_stageII_48h,clean_stageII_48h,0.0,0.0,0.0,0.0,0.0,31.0
490,moisture_12in,post3_late_storage,clean_stageII_48h_no405,clean_stageII_48h,0.0,0.0,0.0,0.0,0.0,31.0
490,moisture_12in,post3_late_storage,clean_stageII_48h_site_balanced,clean_stageII_48h,0.0,0.0,0.0,0.0,0.0,31.0
490,moisture_4in,early_0_3h,all_events,clean_stageII_48h,2.300902325968495,1.9442592232694609,-1.0141160637527165,4.114001044412827,0.125,80.625
490,moisture_4in,early_0_3h,clean_48h,clean_stageII_48h,2.162100495710336,1.7679759908130983,-0.04301590764700999,4.624985655447336,0.125,80.625
490,moisture_4in,early_0_3h,clean_stageII_48h,clean_stageII_48h,0.0,0.0,0.0,0.0,0.125,80.625
490,moisture_4in,early_0_3h,clean_stageII_48h_no405,clean_stageII_48h,0.0,0.0,0.0,0.0,0.125,80.625
490,moisture_4in,early_0_3h,clean_stageII_48h_site_balanced,clean_stageII_48h,1.7690122259772576,0.8783501253520808,0.566137017981912,6.798909180738338,0.125,80.625
490,moisture_4in,post3_late_storage,all_events,clean_stageII_48h,3.364519560011497,2.656526123267045,2.6387096855662793,6.716346290221846,0.375,193.55
490,moisture_4in,post3_late_storage,clean_48h,clean_stageII_48h,2.2245794700261663,1.7459055978206237,0.9858825472571286,4.688505877306266,0.25,175.25
490,moisture_4in,post3_late_storage,clean_stageII_48h,clean_stageII_48h,0.0,0.0,0.0,0.0,0.25,193.55
490,moisture_4in,post3_late_storage,clean_stageII_48h_no405,clean_stageII_48h,0.0,0.0,0.0,0.0,0.25,193.55
490,moisture_4in,post3_late_storage,clean_stageII_48h_site_balanced,clean_stageII_48h,1.0010193392105413,0.5888704670789138,-0.46993869141622563,3.341859934847367,0.25,176.55
490,moisture_4in,post3_mid_storage,all_events,clean_stageII_48h,5.5836297244170305,5.449328604856683,5.449328604856683,8.146055815718245,0.5616228070175421,112.68632075471697
490,moisture_4in,post3_mid_storage,clean_48h,clean_stageII_48h,3.5494688623337756,3.2120998463418067,3.2105488004807867,6.657994465476186,0.25,112.68632075471697
490,moisture_4in,post3_mid_storage,clean_stageII_48h,clean_stageII_48h,0.0,0.0,0.0,0.0,0.125,112.68632075471697
490,moisture_4in,post3_mid_storage,clean_stageII_48h_no405,clean_stageII_48h,0.0,0.0,0.0,0.0,0.125,112.68632075471697
490,moisture_4in,post3_mid_storage,clean_stageII_48h_site_balanced,clean_stageII_48h,0.8335228524416816,0.6082460679152256,-0.4553446778239571,2.262764485217268,0.125,105.93632075471697
490,moisture_8in,early_0_3h,all_events,clean_stageII_48h,7.198247375159539,6.724196455833016,6.724196455833016,8.496473862179272,0.125,36.883088235294125
490,moisture_8in,early_0_3h,clean_48h,clean_stageII_48h,7.023398044106672,6.564018996361989,6.564018996361989,8.552624213792651,0.04687500000000021,36.883088235294125
490,moisture_8in,early_0_3h,clean_stageII_48h,clean_stageII_48h,0.0,0.0,0.0,0.0,0.04687500000000021,36.883088235294125
490,moisture_8in,early_0_3h,clean_stageII_48h_no405,clean_stageII_48h,0.0,0.0,0.0,0.0,0.04687500000000021,36.883088235294125
490,moisture_8in,early_0_3h,clean_stageII_48h_site_balanced,clean_stageII_48h,0.0,0.0,0.0,0.0,0.04687500000000021,36.883088235294125
490,moisture_8in,post3_late_storage,all_events,clean_stageII_48h,4.118427666911266,3.360787163943506,3.360787163943506,7.594484785652785,0.125,54.5
490,moisture_8in,post3_late_storage,clean_48h,clean_stageII_48h,3.4554767037345475,2.3446706833895155,2.3446706833895155,7.879503645980879,0.125,54.5
490,moisture_8in,post3_late_storage,clean_stageII_48h,clean_stageII_48h,0.0,0.0,0.0,0.0,0.0,54.5
490,moisture_8in,post3_late_storage,clean_stageII_48h_no405,clean_stageII_48h,0.0,0.0,0.0,0.0,0.0,54.5
490,moisture_8in,post3_late_storage,clean_stageII_48h_site_balanced,clean_stageII_48h,0.0,0.0,0.0,0.0,0.0,54.5
490,moisture_8in,post3_mid_storage,all_events,clean_stageII_48h,1.4408894254233542,1.1464293123933003,0.8543350379579484,3.9796906289439633,0.125,41.75
490,moisture_8in,post3_mid_storage,clean_48h,clean_stageII_48h,0.6538713829949098,0.3483903488655205,0.3483903488655205,2.2461088257633754,0.0,41.75
490,moisture_8in,post3_mid_storage,clean_stageII_48h,clean_stageII_48h,0.0,0.0,0.0,0.0,0.0,41.75
490,moisture_8in,post3_mid_storage,clean_stageII_48h_no405,clean_stageII_48h,0.0,0.0,0.0,0.0,0.0,41.75
490,moisture_8in,post3_mid_storage,clean_stageII_48h_site_balanced,clean_stageII_48h,0.0,0.0,0.0,0.0,0.0,41.75
